latitude,longitude,vs30,soil_type,floors,building_material,building_age,foundation_type,damage_level
22.2124,84.9377,286,alluvium,8,brick,21,raft,3
22.1468,84.739,510,sand,11,brick,24,shallow,2
22.2001,84.7357,310,clay,6,steel,2,shallow,2
22.3166,84.9346,565,alluvium,12,steel,21,pile,0
22.2852,84.8529,432,alluvium,12,brick,25,shallow,3
22.1874,84.853,349,clay,12,brick,16,raft,2
22.1698,84.7227,625,alluvium,3,steel,44,shallow,3
22.2543,84.8481,310,rock,5,brick,7,pile,2
22.1512,84.7163,567,sand,9,brick,14,shallow,2
22.3425,84.7762,232,rock,2,rc,20,pile,2
22.1723,84.8708,607,clay,8,brick,47,pile,4
22.152,84.7978,229,alluvium,8,brick,4,pile,4
22.1935,84.83,285,alluvium,4,rc,29,pile,2
22.3909,84.8938,341,sand,10,brick,36,raft,2
22.2794,84.9305,635,rock,7,steel,40,shallow,2
22.3534,84.8868,546,rock,5,brick,24,raft,2
22.207,84.7702,559,sand,9,steel,29,raft,0
22.3407,84.7186,506,sand,9,steel,24,shallow,0
22.2185,84.7734,242,alluvium,11,brick,17,raft,3
22.3134,84.8975,558,clay,5,rc,42,shallow,4
22.2075,84.729,314,clay,9,brick,8,pile,2
22.2348,84.7239,586,sand,8,rc,37,raft,2
22.3189,84.8594,214,sand,1,brick,35,pile,4
22.1359,84.8783,436,sand,5,brick,26,raft,2
22.1708,84.764,462,sand,9,steel,15,raft,0
22.2283,84.7064,640,alluvium,3,steel,32,raft,2
22.2909,84.7786,275,clay,4,steel,30,raft,1
22.1418,84.8511,322,clay,11,brick,29,pile,2
22.1686,84.7192,366,rock,3,rc,22,raft,1
22.3641,84.8561,241,clay,9,steel,6,pile,1
22.237,84.7546,519,alluvium,11,brick,28,shallow,3
22.2069,84.9267,564,sand,9,rc,27,pile,0
22.2281,84.9045,412,alluvium,3,brick,39,raft,4
22.1494,84.8335,497,sand,5,brick,33,raft,3
22.136,84.7844,642,rock,11,rc,32,raft,1
22.2556,84.8758,292,rock,1,brick,12,pile,2
22.1755,84.8243,292,clay,5,brick,49,raft,4
22.3993,84.7667,181,sand,2,steel,28,raft,1
22.1154,84.7697,404,rock,1,steel,19,pile,0
22.3042,84.8327,397,sand,6,brick,32,shallow,4
22.2778,84.7202,363,rock,11,brick,17,shallow,2
22.3185,84.7919,551,alluvium,2,brick,6,raft,3
22.2196,84.9041,323,clay,1,steel,9,pile,1
22.1962,84.7466,528,alluvium,3,rc,20,pile,2
22.1978,84.7551,525,rock,3,steel,19,pile,0
22.2046,84.724,596,alluvium,8,steel,39,raft,2
22.381,84.7344,620,alluvium,9,steel,23,raft,0
22.2624,84.8739,442,sand,12,steel,16,pile,0
22.3452,84.8388,239,alluvium,1,rc,2,pile,3
22.3989,84.9414,632,clay,5,rc,32,shallow,4
22.2899,84.7848,278,sand,3,steel,48,shallow,2
22.354,84.9141,233,alluvium,8,steel,33,pile,3
22.2926,84.721,635,clay,4,brick,38,pile,4
22.3007,84.8452,291,clay,9,steel,35,raft,1
22.3921,84.771,545,alluvium,2,steel,2,pile,1
22.3076,84.863,348,rock,4,brick,33,shallow,4
22.1054,84.8235,483,sand,4,rc,8,shallow,2
22.3548,84.8644,212,alluvium,12,brick,22,raft,3
22.1796,84.761,217,alluvium,6,brick,45,raft,4
22.246,84.9265,206,rock,2,brick,21,raft,3
22.2508,84.8442,627,clay,1,brick,5,raft,3
22.1691,84.8248,183,rock,3,steel,49,shallow,3
22.1131,84.9486,337,sand,5,steel,6,raft,0
22.211,84.7039,459,rock,1,brick,46,raft,3
22.39,84.9409,295,clay,5,steel,32,pile,2
22.3553,84.7792,307,rock,2,steel,25,raft,0
22.2184,84.9111,502,sand,8,rc,46,raft,2
22.1292,84.8538,521,rock,7,brick,2,shallow,3
22.1762,84.7738,452,clay,8,brick,33,pile,4
22.141,84.8772,218,alluvium,10,steel,26,raft,1
22.343,84.9168,192,clay,12,steel,7,shallow,2
22.2505,84.8996,500,alluvium,8,brick,46,raft,4
22.3387,84.9225,322,alluvium,12,brick,34,shallow,4
22.1282,84.8446,521,alluvium,3,rc,25,shallow,3
22.1465,84.9455,329,clay,10,rc,22,raft,1
22.1751,84.7097,450,rock,6,brick,43,raft,3
22.1381,84.8306,232,clay,12,steel,44,raft,2
22.3896,84.8143,441,rock,4,brick,30,pile,2
22.2622,84.8594,487,rock,2,brick,42,shallow,4
22.1969,84.8988,498,alluvium,3,steel,28,pile,1
22.3232,84.7627,296,sand,7,rc,9,pile,1
22.3065,84.7145,301,rock,1,steel,47,shallow,2
22.1751,84.8373,227,alluvium,9,brick,40,pile,4
22.3804,84.8596,368,sand,7,brick,5,shallow,3
22.2835,84.8049,255,clay,10,brick,16,raft,2
22.1476,84.73,464,rock,12,brick,5,pile,1
22.1282,84.7779,625,clay,4,rc,5,pile,2
22.2423,84.7245,611,clay,5,brick,39,pile,4
22.2039,84.8162,536,alluvium,7,brick,10,raft,3
22.3847,84.9217,359,alluvium,10,brick,19,shallow,3
22.2509,84.9141,504,clay,4,rc,16,pile,2
22.1212,84.8606,563,rock,11,brick,20,pile,1
22.2726,84.797,559,alluvium,1,brick,33,pile,4
22.3434,84.9052,447,alluvium,3,rc,1,pile,2
22.3884,84.9263,223,rock,12,rc,31,pile,2
22.2132,84.7097,421,rock,3,brick,23,shallow,3
22.1214,84.7797,589,sand,10,brick,26,shallow,2
22.2022,84.7652,570,alluvium,4,steel,45,pile,2
22.381,84.7098,396,alluvium,5,brick,36,raft,4
22.1532,84.8877,371,rock,3,steel,49,raft,1
22.3195,84.7319,275,clay,8,brick,23,raft,3
22.3792,84.9146,548,alluvium,7,brick,13,shallow,4
22.322,84.7596,465,alluvium,1,steel,49,shallow,3
22.2516,84.9066,521,rock,11,brick,19,raft,1
22.2168,84.7027,412,clay,3,steel,12,raft,1
22.2065,84.9392,402,alluvium,4,steel,19,shallow,2
22.2479,84.7208,248,rock,3,steel,12,raft,1
22.1986,84.8681,232,sand,7,rc,16,shallow,3
22.3369,84.7228,221,sand,10,brick,39,pile,3
22.3988,84.714,342,rock,7,brick,29,raft,2
22.2053,84.7293,255,sand,9,rc,10,pile,0
22.3511,84.9167,409,alluvium,7,brick,46,pile,4
22.3103,84.7182,613,alluvium,11,brick,2,raft,2
22.1244,84.7212,518,clay,8,steel,48,pile,2
22.3589,84.9201,324,clay,7,rc,25,shallow,3
22.2776,84.7876,431,clay,3,rc,44,pile,3
22.2675,84.8061,525,clay,3,rc,39,raft,3
22.2303,84.7634,421,sand,12,steel,20,raft,0
22.1356,84.7294,540,alluvium,7,steel,1,raft,1
22.3043,84.7594,370,sand,12,steel,49,shallow,1
22.1249,84.8321,296,clay,6,rc,44,shallow,4
22.3934,84.839,482,alluvium,5,steel,16,raft,1
22.2583,84.9482,408,clay,4,rc,35,pile,3
22.3086,84.7189,226,clay,9,steel,49,pile,2
22.3087,84.8136,552,clay,6,steel,3,raft,1
22.3703,84.7114,191,sand,10,steel,32,pile,1
22.1174,84.7986,587,sand,12,brick,8,shallow,2
22.1509,84.8617,315,rock,10,rc,28,shallow,1
22.1233,84.9436,371,alluvium,11,rc,17,shallow,2
22.1839,84.8028,640,sand,12,brick,48,raft,2
22.1488,84.9277,432,rock,6,steel,18,raft,0
22.225,84.8453,588,rock,2,steel,10,shallow,1
22.3798,84.9165,544,alluvium,5,brick,33,raft,4
22.3333,84.8201,418,clay,1,steel,11,shallow,2
22.2782,84.7952,521,sand,11,steel,27,raft,0
22.2707,84.7159,284,clay,3,rc,1,shallow,3
22.1041,84.7188,644,alluvium,5,rc,31,pile,3
22.325,84.9283,202,alluvium,5,rc,37,shallow,4
22.3271,84.7945,264,clay,9,steel,46,shallow,2
22.1754,84.7687,439,sand,1,steel,49,pile,1
22.3271,84.7117,274,clay,8,brick,39,shallow,4
22.3015,84.8301,297,clay,3,rc,12,shallow,3
22.3449,84.942,401,clay,11,steel,17,pile,0
22.1402,84.7072,386,rock,5,steel,21,raft,0
22.2918,84.9013,282,clay,6,rc,34,shallow,4
22.2052,84.8475,465,alluvium,11,rc,34,shallow,3
22.2045,84.8285,514,rock,12,brick,30,shallow,2
22.2866,84.9156,312,rock,4,rc,10,pile,1
22.378,84.823,519,clay,8,brick,5,shallow,4
22.394,84.8232,384,clay,11,rc,43,pile,2
22.172,84.719,428,sand,7,brick,16,pile,2
22.1456,84.7347,187,sand,4,steel,40,raft,2
22.309,84.8029,531,rock,3,steel,27,raft,0
22.3003,84.7431,301,sand,3,brick,19,shallow,3
22.3465,84.7863,349,sand,6,brick,21,raft,2
22.2646,84.8336,191,sand,10,brick,46,shallow,4
22.2093,84.8259,480,rock,11,rc,9,raft,0
22.1277,84.8203,393,sand,8,rc,30,raft,1
22.1471,84.7943,516,alluvium,10,rc,36,raft,2
22.3419,84.8871,432,clay,4,rc,15,shallow,3
22.261,84.931,193,rock,10,brick,28,raft,2
22.2107,84.8156,544,clay,10,rc,14,pile,1
22.1443,84.7333,182,alluvium,7,steel,46,pile,3
22.3249,84.7076,453,sand,10,steel,38,shallow,1
22.2598,84.7606,298,sand,5,steel,28,pile,0
22.106,84.7805,410,rock,6,rc,26,pile,1
22.2606,84.7583,192,sand,4,steel,25,shallow,2
22.3037,84.8973,288,clay,2,rc,47,raft,3
22.2753,84.8842,290,rock,8,steel,40,raft,1
22.2295,84.7319,604,clay,5,steel,6,raft,1
22.3699,84.8519,622,sand,8,rc,45,raft,2
22.1991,84.9334,616,alluvium,6,rc,21,pile,2
22.1459,84.7615,183,clay,11,rc,30,raft,2
22.152,84.9242,426,sand,3,rc,31,pile,2
22.2231,84.9456,402,rock,6,steel,2,shallow,1
22.2728,84.9293,514,rock,6,steel,49,shallow,2
22.2472,84.8807,241,alluvium,9,rc,2,raft,2
22.267,84.8429,614,sand,12,brick,5,shallow,2
22.1561,84.7809,454,sand,4,brick,33,shallow,4
22.3209,84.8325,180,clay,10,brick,14,shallow,4
22.1866,84.8453,318,clay,4,rc,13,raft,2
22.2598,84.713,357,alluvium,8,rc,10,pile,2
22.2646,84.8372,565,clay,8,steel,2,raft,1
22.1264,84.7347,508,rock,1,rc,9,pile,1
22.2787,84.8179,598,clay,1,brick,5,raft,3
22.3492,84.9413,513,alluvium,5,brick,11,pile,3
22.3815,84.7453,214,clay,1,brick,40,raft,4
22.3165,84.712,528,rock,8,brick,11,raft,2
22.3386,84.7504,465,clay,3,brick,21,pile,3
22.1559,84.7589,257,clay,10,rc,4,raft,1
22.1949,84.8471,581,sand,8,rc,8,raft,1
22.2317,84.7942,358,rock,6,steel,33,pile,1
22.3243,84.8257,332,clay,1,steel,33,pile,2
22.2174,84.833,488,rock,8,rc,40,shallow,3
22.2873,84.7292,313,sand,3,steel,7,pile,0
22.3192,84.8734,194,clay,1,rc,30,pile,3
22.3682,84.8971,217,alluvium,9,steel,33,pile,2
22.3121,84.8946,468,clay,4,rc,22,pile,2
22.3142,84.8235,509,sand,1,steel,38,shallow,2
22.2609,84.7947,544,clay,8,brick,15,shallow,4
22.3392,84.7375,226,rock,4,steel,12,shallow,2
22.3316,84.7031,294,clay,3,brick,36,pile,4
22.2628,84.7629,248,rock,4,rc,11,raft,2
22.3877,84.7856,313,rock,8,rc,23,shallow,2
22.2386,84.9368,575,clay,10,rc,13,pile,1
22.1417,84.7252,290,alluvium,8,steel,43,pile,2
22.3796,84.8413,503,rock,5,brick,37,pile,3
22.3122,84.7381,271,sand,10,rc,9,pile,0
22.2272,84.8841,475,clay,9,rc,22,shallow,2
22.3732,84.7307,280,sand,5,rc,26,pile,1
22.3517,84.7312,492,alluvium,1,rc,40,pile,3
22.2824,84.7948,488,rock,9,steel,10,shallow,0
22.3409,84.7012,604,rock,3,brick,25,raft,2
22.3591,84.9307,570,alluvium,2,rc,27,raft,2
22.3213,84.8131,606,alluvium,11,brick,44,raft,3
22.3738,84.7621,204,rock,7,brick,6,pile,3
22.1102,84.7779,464,clay,11,brick,22,pile,2
22.166,84.7532,228,rock,7,rc,17,shallow,3
22.3883,84.7372,297,rock,6,rc,28,pile,1
22.2605,84.7461,506,rock,1,rc,32,pile,2
22.1201,84.8875,558,sand,8,brick,19,pile,2
22.2048,84.8171,484,alluvium,8,steel,19,raft,1
22.1197,84.8939,354,alluvium,2,rc,2,shallow,3
22.2603,84.8203,401,alluvium,6,steel,4,shallow,2
22.1546,84.9154,538,alluvium,3,brick,32,shallow,4
22.1817,84.9244,341,alluvium,12,steel,33,shallow,2
22.1076,84.739,357,clay,7,brick,29,pile,3
22.2224,84.8379,502,alluvium,8,steel,23,shallow,2
22.3016,84.7049,233,rock,9,steel,47,pile,1
22.2708,84.9219,271,sand,8,brick,34,raft,3
22.3416,84.9472,467,alluvium,8,brick,46,pile,4
22.3491,84.7993,344,alluvium,6,steel,21,shallow,2
22.2219,84.781,645,sand,7,steel,10,raft,0
22.1257,84.752,326,rock,3,rc,36,raft,2
22.2929,84.876,564,clay,5,brick,20,raft,3
22.2008,84.9063,374,clay,7,brick,12,raft,3
22.3492,84.7863,435,sand,9,steel,34,raft,0
22.3583,84.7549,521,alluvium,12,steel,24,shallow,1
22.1343,84.8414,238,sand,7,steel,32,pile,2
22.2276,84.7056,193,sand,9,brick,40,raft,3
22.3097,84.8006,380,sand,6,brick,22,pile,2
22.3505,84.9461,621,rock,2,brick,23,pile,2
22.305,84.9056,307,sand,5,steel,42,pile,1
22.273,84.7685,196,clay,5,rc,25,shallow,4
22.2492,84.8801,296,sand,10,steel,22,raft,0
22.1411,84.925,313,rock,11,rc,40,pile,1
22.1752,84.8583,488,sand,7,rc,10,shallow,2
22.3743,84.8047,369,alluvium,10,rc,46,pile,2
22.1141,84.7416,542,clay,1,rc,36,raft,3
22.3313,84.7171,446,rock,8,rc,11,shallow,2
22.2067,84.8798,474,rock,8,rc,35,shallow,3
22.3848,84.7992,331,rock,6,brick,22,pile,2
22.3198,84.7537,215,sand,4,rc,19,pile,2
22.2785,84.7129,625,sand,11,steel,45,shallow,1
22.1464,84.8558,629,clay,5,brick,9,shallow,4
22.1225,84.882,396,rock,11,rc,40,raft,1
22.2304,84.7616,310,clay,2,steel,37,pile,2
22.1007,84.9419,281,rock,2,rc,12,shallow,2
22.2083,84.7229,484,alluvium,1,rc,10,shallow,3
22.3072,84.8303,191,rock,8,steel,19,shallow,2
22.3197,84.9016,394,sand,5,steel,16,raft,0
22.3548,84.7624,268,sand,12,rc,15,raft,0
22.308,84.7129,205,sand,10,rc,16,raft,1
22.3776,84.7451,648,sand,6,rc,7,raft,1
22.1102,84.8744,316,rock,3,rc,48,pile,2
22.1346,84.8054,261,sand,4,brick,39,shallow,4
22.2365,84.8306,282,clay,1,rc,14,shallow,3
22.2789,84.7575,367,clay,2,brick,3,shallow,4
22.3089,84.785,362,rock,7,rc,44,raft,2
22.2717,84.901,183,sand,6,brick,25,shallow,4
22.3214,84.83,605,sand,12,brick,2,pile,1
22.1073,84.9175,593,clay,11,rc,13,shallow,2
22.2587,84.9348,406,clay,11,rc,39,shallow,3
22.1028,84.7132,497,alluvium,5,steel,44,pile,2
22.2883,84.9184,418,clay,9,steel,10,pile,0
22.1275,84.7841,519,alluvium,5,brick,1,raft,3
22.1716,84.7276,321,sand,8,rc,30,pile,1
22.3558,84.8789,472,rock,9,rc,48,shallow,2
22.1054,84.9469,252,alluvium,1,rc,24,pile,2
22.1373,84.9391,472,alluvium,5,brick,43,pile,4
22.2766,84.9456,498,rock,8,brick,11,raft,2
22.3711,84.9473,378,alluvium,4,brick,4,shallow,4
22.1695,84.9357,242,sand,6,brick,45,shallow,4
22.1361,84.7117,492,alluvium,10,steel,41,pile,1
22.1559,84.8949,441,clay,5,steel,5,pile,1
22.2889,84.7541,188,rock,3,rc,20,pile,2
22.3985,84.7435,598,rock,2,rc,18,raft,1
22.3088,84.7385,339,alluvium,3,steel,38,raft,2
22.2869,84.887,268,alluvium,9,brick,4,raft,2
22.274,84.7229,284,clay,8,rc,3,raft,2
22.1819,84.8192,374,alluvium,9,brick,34,shallow,4
22.3586,84.9024,219,clay,9,steel,5,shallow,2
22.3206,84.7703,303,clay,6,brick,8,pile,3
22.3087,84.7122,581,rock,6,steel,37,raft,1
22.1661,84.8708,632,rock,1,rc,40,shallow,3
22.3649,84.829,294,clay,10,rc,3,raft,1
22.2043,84.8695,526,sand,1,steel,6,pile,0
22.2564,84.917,271,alluvium,1,steel,48,shallow,3
22.3125,84.9093,524,sand,5,steel,42,raft,1
22.1318,84.8747,367,clay,7,rc,5,shallow,3
22.3643,84.918,210,clay,7,steel,42,shallow,4
22.1387,84.7838,337,sand,7,brick,31,shallow,4
22.1003,84.839,256,alluvium,12,brick,39,pile,3
22.1579,84.721,334,sand,1,rc,41,shallow,3
22.2895,84.765,367,rock,8,steel,45,pile,1
22.334,84.7267,593,rock,7,rc,10,raft,1
22.2297,84.91,591,rock,12,rc,15,shallow,1
22.3796,84.7256,375,alluvium,4,rc,32,raft,3
22.3313,84.9368,371,sand,1,steel,12,pile,0
22.1202,84.8455,372,alluvium,6,brick,26,shallow,4
22.1224,84.9131,449,alluvium,12,steel,36,pile,1
22.2943,84.8486,639,alluvium,7,brick,29,pile,3
22.1066,84.7809,258,rock,3,rc,11,shallow,2
22.305,84.8115,609,rock,2,steel,29,pile,0
22.3833,84.7255,218,alluvium,7,rc,29,pile,3
22.3081,84.7552,309,rock,4,rc,22,pile,1
22.1394,84.917,561,alluvium,12,brick,28,pile,2
22.3194,84.9274,536,rock,11,steel,20,pile,0
22.2193,84.7686,566,sand,11,steel,1,pile,0
22.1962,84.8811,341,alluvium,3,rc,49,shallow,4
22.2955,84.7921,450,sand,12,rc,16,pile,0
22.263,84.7398,324,alluvium,5,rc,8,raft,2
22.3313,84.9112,378,alluvium,3,steel,29,raft,1
22.1394,84.7081,495,rock,10,rc,3,shallow,1
22.1556,84.8155,401,clay,7,steel,17,pile,1
22.2822,84.7619,188,rock,6,steel,48,pile,2
22.2475,84.7161,296,alluvium,2,brick,24,pile,3
22.23,84.9461,388,clay,8,rc,21,pile,2
22.1217,84.7981,545,rock,6,brick,32,shallow,4
22.2971,84.8893,281,clay,9,steel,8,shallow,1
22.3173,84.8873,220,sand,1,steel,12,shallow,2
22.396,84.7356,259,rock,6,brick,22,shallow,3
22.1631,84.7865,603,alluvium,2,rc,33,shallow,4
22.2553,84.722,640,clay,1,rc,13,raft,2
22.1236,84.7992,373,sand,6,steel,39,raft,1
22.1603,84.8733,322,sand,2,rc,42,pile,2
22.1502,84.7261,638,rock,3,brick,6,pile,2
22.2784,84.8542,402,clay,9,rc,12,shallow,2
22.3613,84.8785,497,clay,4,brick,47,pile,4
22.3444,84.72,263,rock,4,rc,6,raft,1
22.3452,84.8131,182,sand,9,brick,42,pile,3
22.2316,84.8812,191,sand,7,steel,12,raft,1
22.1479,84.9179,301,rock,3,brick,46,pile,3
22.2011,84.7455,298,rock,5,rc,32,pile,2
22.2495,84.8388,581,rock,3,rc,22,pile,1
22.1997,84.8356,238,clay,3,steel,28,shallow,3
22.1599,84.8701,272,rock,6,brick,15,pile,2
22.1773,84.8157,529,alluvium,5,rc,31,raft,3
22.2248,84.9116,472,rock,4,steel,28,pile,0
22.2113,84.9469,331,rock,2,steel,49,raft,1
22.2542,84.847,429,clay,5,rc,34,shallow,4
22.246,84.9184,597,clay,4,steel,6,raft,1
22.2965,84.948,365,sand,6,brick,12,pile,2
22.2152,84.8165,200,alluvium,1,steel,35,pile,3
22.3328,84.8013,266,alluvium,10,steel,44,shallow,2
22.2119,84.8282,472,rock,5,steel,38,shallow,2
22.2477,84.7618,495,alluvium,8,rc,39,pile,3
22.2078,84.8482,505,sand,1,steel,25,raft,0
22.3908,84.7645,408,rock,5,steel,1,shallow,1
22.332,84.7327,480,sand,7,steel,47,raft,1
22.1704,84.9209,297,rock,10,rc,29,raft,0
22.2011,84.9072,436,rock,5,steel,20,shallow,1
22.2764,84.9371,492,alluvium,6,brick,20,raft,3
22.2138,84.8514,354,sand,5,brick,12,raft,2
22.2424,84.911,223,alluvium,8,rc,28,shallow,4
22.3593,84.8395,430,alluvium,4,rc,14,shallow,3
22.1171,84.8328,199,sand,10,brick,29,shallow,3
22.292,84.7562,424,sand,11,brick,5,pile,1
22.131,84.8462,191,sand,10,rc,20,pile,1
22.396,84.9413,478,clay,2,brick,25,raft,3
22.2917,84.917,402,rock,8,steel,47,raft,1
22.2565,84.7857,473,clay,4,brick,23,shallow,4
22.109,84.777,515,alluvium,2,steel,42,pile,2
22.3199,84.7406,520,clay,1,rc,8,raft,2
22.1468,84.7586,265,clay,2,brick,1,pile,3
22.3514,84.9362,637,sand,2,rc,18,pile,1
22.2854,84.9172,411,alluvium,1,rc,12,pile,2
22.1339,84.8989,631,clay,1,brick,1,pile,3
22.1647,84.8647,232,sand,5,steel,41,pile,2
22.132,84.8645,371,rock,6,steel,9,pile,0
22.3599,84.9483,448,rock,9,rc,13,shallow,1
22.1866,84.7273,277,rock,6,rc,46,shallow,3
22.3777,84.8095,261,clay,9,rc,23,raft,1
22.2307,84.9045,523,sand,6,steel,7,pile,0
22.1017,84.7811,255,sand,10,brick,7,raft,1
22.269,84.7951,272,rock,9,rc,33,shallow,2
22.1713,84.7933,607,alluvium,6,steel,26,raft,1
22.2761,84.7421,641,rock,10,rc,2,shallow,1
22.239,84.7949,461,sand,8,brick,48,raft,3
22.3542,84.9286,400,clay,10,steel,25,pile,0
22.2141,84.7997,472,clay,12,steel,36,shallow,2
22.2824,84.8912,505,alluvium,2,rc,44,pile,3
22.3867,84.7046,586,alluvium,11,steel,16,pile,0
22.2942,84.9245,460,clay,4,brick,11,pile,3
22.214,84.7493,320,sand,6,steel,19,pile,0
22.1304,84.8215,552,clay,4,brick,46,shallow,4
22.1922,84.9008,470,sand,8,steel,16,raft,0
22.1269,84.8794,181,sand,1,brick,13,pile,3
22.2241,84.7305,638,rock,7,rc,31,raft,2
22.3578,84.8999,338,sand,7,brick,49,pile,3
22.2702,84.7641,215,alluvium,4,brick,4,shallow,4
22.1261,84.9039,351,rock,8,steel,45,pile,1
22.2899,84.9379,554,alluvium,6,rc,21,shallow,3
22.3653,84.757,188,sand,10,steel,24,shallow,1
22.2233,84.91,251,rock,8,rc,16,raft,1
22.267,84.7639,247,sand,2,steel,24,pile,1
22.3468,84.8059,381,sand,9,brick,18,raft,1
22.33,84.7374,618,clay,2,rc,5,shallow,3
22.1504,84.8842,405,sand,1,steel,21,shallow,1
22.1287,84.7059,322,alluvium,3,steel,28,pile,1
22.1619,84.8595,636,sand,9,steel,25,pile,0
22.3963,84.7341,264,alluvium,2,brick,3,shallow,4
22.2328,84.8114,604,alluvium,1,rc,11,pile,2
22.3974,84.7321,198,alluvium,4,brick,26,shallow,4
22.2012,84.9264,288,clay,4,rc,40,pile,3
22.2936,84.8489,252,sand,8,steel,33,raft,1
22.168,84.7887,375,rock,1,steel,2,raft,0
22.3009,84.7175,339,clay,5,rc,8,raft,2
22.364,84.8627,479,alluvium,10,rc,3,raft,1
22.1571,84.7131,351,rock,2,rc,38,shallow,3
22.2673,84.8827,465,sand,4,brick,8,pile,2
22.2741,84.7222,632,rock,9,brick,16,pile,1
22.2228,84.8057,234,alluvium,12,steel,17,pile,1
22.1903,84.9453,182,sand,7,brick,28,pile,3
22.3922,84.705,647,sand,8,brick,44,shallow,4
22.1731,84.8679,263,rock,6,brick,22,raft,2
22.1267,84.8888,340,clay,5,steel,16,raft,1
22.2521,84.7398,321,alluvium,4,brick,33,pile,4
22.1682,84.7854,540,clay,5,brick,2,raft,3
22.3811,84.8385,510,clay,3,brick,23,raft,3
22.3827,84.9183,441,clay,3,steel,22,shallow,2
22.2491,84.948,280,clay,4,rc,42,shallow,4
22.2503,84.7993,345,alluvium,2,rc,45,shallow,4
22.2142,84.9195,337,clay,6,steel,3,pile,1
22.337,84.7762,252,clay,5,brick,35,raft,4
22.1521,84.8737,645,alluvium,4,brick,18,shallow,4
22.2923,84.9056,460,sand,6,brick,33,raft,3
22.3768,84.8218,289,sand,6,brick,46,shallow,4
22.1525,84.8256,604,sand,6,brick,25,shallow,3
22.2999,84.7304,584,rock,2,steel,4,shallow,1
22.1405,84.9408,623,alluvium,12,rc,32,pile,2
22.1366,84.8486,210,sand,4,steel,18,raft,1
22.1833,84.9129,339,alluvium,11,rc,2,raft,1
22.2951,84.738,184,clay,3,steel,34,shallow,4
22.2379,84.7145,446,sand,2,rc,31,raft,2
22.3085,84.9459,262,alluvium,9,brick,35,pile,3
22.1224,84.8957,550,rock,7,rc,16,raft,1
22.3075,84.8545,439,alluvium,7,rc,40,raft,3
22.3442,84.8538,487,rock,4,brick,36,shallow,4
22.2581,84.8065,242,sand,5,steel,35,shallow,3
22.2103,84.8035,193,alluvium,7,brick,37,pile,4
22.2161,84.941,362,sand,2,rc,27,raft,1
22.2256,84.8976,328,sand,10,rc,23,raft,0
22.1411,84.8338,244,rock,5,brick,26,raft,3
22.1724,84.944,517,alluvium,5,steel,45,raft,2
22.1128,84.7929,367,clay,11,rc,21,pile,1
22.3533,84.7245,461,clay,4,rc,34,pile,3
22.1974,84.8843,411,rock,3,rc,41,pile,2
22.2842,84.9149,221,alluvium,5,rc,42,pile,4
22.3676,84.9388,196,sand,8,steel,9,pile,1
22.3828,84.9022,227,sand,1,brick,10,raft,3
22.3791,84.7633,411,rock,5,brick,28,shallow,3
22.2912,84.8648,622,alluvium,6,brick,8,pile,3
22.1681,84.9223,522,alluvium,8,steel,45,raft,2
22.1451,84.8844,628,sand,7,brick,37,raft,3
22.1143,84.7095,266,alluvium,11,steel,1,raft,0
22.1216,84.7178,331,sand,1,steel,5,shallow,1
22.2526,84.7969,594,rock,4,rc,11,raft,1
22.3912,84.9356,207,rock,3,steel,43,shallow,3
22.2236,84.8374,531,sand,8,steel,10,pile,0
22.1063,84.7205,399,sand,1,brick,31,raft,3
22.3347,84.757,508,clay,2,brick,15,raft,3
22.1617,84.7303,561,rock,4,brick,14,shallow,3
22.1208,84.94,298,sand,2,steel,10,pile,0
22.3396,84.7732,437,alluvium,6,rc,13,raft,2
22.2747,84.887,467,clay,12,rc,34,raft,2
22.1384,84.7846,603,alluvium,2,steel,9,raft,1
22.2117,84.808,303,sand,10,brick,25,shallow,2
22.1491,84.7684,647,sand,5,steel,44,pile,1
22.1592,84.9217,555,sand,5,rc,35,shallow,3
22.3014,84.7792,218,clay,1,brick,12,raft,4
22.3757,84.7631,576,rock,5,brick,8,shallow,3
22.3245,84.8395,330,alluvium,12,brick,32,raft,3
22.1532,84.8363,414,clay,9,rc,22,pile,1
22.2619,84.882,437,rock,5,rc,15,shallow,2
22.1276,84.9413,642,sand,3,rc,23,raft,1
22.3522,84.8832,350,sand,5,steel,33,raft,1
22.2525,84.7744,198,alluvium,7,brick,29,shallow,4
22.1281,84.8443,460,clay,5,steel,47,shallow,3
22.1483,84.8395,251,alluvium,1,rc,44,pile,3
22.3179,84.948,283,rock,3,rc,32,raft,2
22.3639,84.8644,189,rock,5,rc,46,pile,3
22.2848,84.747,604,clay,9,steel,36,shallow,2
22.1016,84.8902,233,sand,12,rc,17,shallow,2
22.1033,84.8874,616,sand,9,steel,20,raft,0
22.1981,84.7372,249,rock,8,steel,19,raft,1
22.3989,84.7921,560,sand,4,brick,20,shallow,3
22.3341,84.7543,333,rock,5,steel,38,shallow,2
22.2238,84.8739,584,alluvium,10,brick,38,pile,3
22.1501,84.7453,608,clay,4,brick,17,pile,3
22.2765,84.8202,193,sand,3,rc,24,shallow,3
22.1312,84.7564,567,alluvium,8,rc,24,raft,2
22.3029,84.9012,338,rock,12,brick,19,shallow,2
22.2495,84.7193,585,rock,8,steel,45,raft,1
22.3238,84.9455,296,clay,4,steel,19,raft,1
22.2321,84.7369,362,sand,1,brick,33,pile,3
22.1266,84.7552,430,alluvium,12,rc,47,shallow,3
22.3995,84.9333,480,rock,1,brick,17,pile,2
22.2913,84.824,226,rock,11,steel,15,pile,0
22.223,84.91,254,rock,7,rc,9,shallow,2
22.3851,84.7507,240,rock,10,brick,3,pile,2
22.1079,84.706,433,clay,6,steel,45,pile,2
22.3093,84.9324,230,sand,5,brick,19,pile,3
22.1778,84.8074,248,alluvium,5,brick,20,pile,4
22.3408,84.8145,440,rock,4,steel,6,shallow,1
22.2894,84.7125,474,rock,2,rc,35,raft,2
22.2311,84.8824,505,sand,9,brick,46,pile,2
22.2831,84.7338,210,clay,4,brick,24,raft,4
22.2416,84.7034,587,alluvium,12,steel,42,raft,1
22.1847,84.7654,342,clay,7,rc,28,pile,2
22.3361,84.9437,579,clay,6,brick,31,shallow,4
22.2349,84.8942,223,clay,9,rc,45,shallow,4
22.3559,84.7116,517,clay,10,steel,43,shallow,2
22.1418,84.8331,596,alluvium,11,brick,7,raft,2
22.1259,84.7592,339,rock,8,rc,11,raft,1
22.389,84.84,378,rock,5,steel,42,raft,1
22.3484,84.8969,321,sand,9,steel,37,pile,0
22.3944,84.7641,310,clay,7,rc,26,shallow,3
22.1574,84.7846,550,rock,9,rc,21,raft,0
22.2826,84.7874,604,sand,1,rc,4,raft,1
22.2254,84.7222,265,alluvium,7,rc,33,raft,3
22.257,84.7287,533,alluvium,12,rc,43,pile,2
22.1203,84.877,196,rock,2,brick,6,shallow,4
22.1678,84.9117,509,sand,5,rc,5,shallow,2
22.3837,84.9125,245,alluvium,10,steel,34,raft,2
22.3586,84.815,346,rock,6,rc,12,raft,1
22.1187,84.8281,623,alluvium,11,rc,10,raft,1
22.3934,84.8985,228,clay,7,rc,21,raft,3
22.1494,84.7826,545,rock,4,steel,22,shallow,1
22.1054,84.7316,258,alluvium,6,rc,28,shallow,3
22.1766,84.9367,347,sand,10,steel,28,shallow,0
22.3316,84.7068,588,clay,8,brick,3,shallow,4
22.3728,84.8347,406,rock,6,rc,39,raft,2
22.297,84.9055,357,clay,11,rc,19,pile,1
22.2323,84.7489,447,sand,10,rc,8,pile,0
22.1861,84.8982,343,sand,5,steel,21,raft,0
22.1937,84.8607,578,alluvium,8,steel,18,raft,1
22.1474,84.874,447,sand,2,brick,7,pile,2
22.284,84.7908,462,alluvium,2,steel,43,raft,2
22.3951,84.7352,308,rock,7,rc,8,pile,1
22.3682,84.8636,286,clay,5,rc,4,shallow,3
22.3396,84.9419,454,clay,9,rc,12,pile,1
22.3219,84.7799,308,rock,7,brick,21,raft,2
22.3176,84.7808,591,alluvium,6,rc,31,raft,3
22.2968,84.7325,504,rock,9,steel,3,pile,0
22.2582,84.8798,597,clay,10,steel,5,raft,0
22.392,84.7842,444,alluvium,4,steel,38,raft,2
22.2622,84.8776,607,rock,9,steel,11,pile,0
22.3704,84.8629,636,alluvium,5,rc,24,pile,2
22.2483,84.9071,465,clay,10,brick,48,pile,3
22.3136,84.9065,369,rock,1,brick,21,shallow,3
22.226,84.9263,486,clay,2,brick,11,shallow,4
22.2953,84.8552,329,sand,1,brick,5,raft,2
22.3419,84.9109,526,alluvium,3,steel,33,pile,2
22.1379,84.869,245,clay,3,steel,40,pile,3
22.1011,84.8704,633,clay,9,brick,20,shallow,3
22.1682,84.9093,522,clay,3,steel,4,pile,1
22.3599,84.7539,322,alluvium,5,rc,35,pile,3
22.3289,84.8021,321,clay,4,rc,12,raft,2
22.1698,84.9018,431,sand,2,steel,33,pile,1
22.3623,84.7,622,clay,11,steel,34,shallow,2
22.2341,84.8151,279,sand,5,rc,8,shallow,2
22.1387,84.8032,513,sand,11,steel,20,raft,0
22.1054,84.8054,449,rock,10,rc,38,pile,1
22.184,84.9146,262,rock,3,steel,3,raft,0
22.3262,84.9012,647,rock,7,brick,14,shallow,3
22.318,84.7762,554,clay,9,rc,19,shallow,2
22.3618,84.7281,601,rock,5,rc,36,raft,2
22.129,84.7605,499,alluvium,1,steel,25,raft,1
22.3474,84.7186,622,alluvium,9,rc,4,shallow,2
22.1193,84.9193,181,clay,9,rc,46,pile,3
22.2021,84.9473,434,clay,7,rc,16,shallow,3
22.1719,84.8986,337,clay,12,rc,35,pile,2
22.1803,84.8973,648,alluvium,5,rc,5,shallow,3
22.1757,84.7551,351,rock,1,steel,9,pile,0
22.3729,84.8673,644,clay,2,rc,24,shallow,3
22.3867,84.7063,522,sand,8,brick,12,shallow,3
22.3732,84.8161,194,sand,9,brick,19,raft,2
22.3678,84.8108,411,sand,5,brick,38,shallow,4
22.2775,84.8757,311,alluvium,7,rc,7,pile,2
22.1395,84.7585,255,clay,3,steel,22,pile,1
22.1788,84.7679,526,rock,7,steel,41,shallow,2
22.2519,84.8585,441,alluvium,6,brick,25,pile,3
22.1009,84.7099,441,clay,10,brick,27,raft,2
22.142,84.7692,628,rock,9,brick,29,pile,1
22.2419,84.8556,321,clay,3,rc,48,shallow,4
22.1842,84.7517,320,alluvium,6,brick,49,pile,4
22.1023,84.7548,222,rock,4,brick,33,shallow,4
22.2017,84.9006,612,rock,10,steel,43,raft,0
22.1133,84.7695,523,alluvium,5,steel,49,raft,2
22.2851,84.7285,486,clay,11,steel,39,shallow,2
22.2724,84.7074,371,sand,11,rc,46,shallow,2
22.3978,84.7329,225,sand,1,brick,40,raft,4
22.2265,84.8028,635,rock,5,brick,45,raft,3
22.2824,84.7773,480,alluvium,10,steel,39,pile,1
22.3862,84.8803,332,alluvium,11,steel,46,raft,1
22.1153,84.7644,394,alluvium,1,rc,47,pile,3
22.3615,84.7642,503,alluvium,1,steel,36,pile,2
22.2107,84.7303,591,sand,8,rc,20,raft,1
22.3701,84.8011,422,alluvium,9,rc,39,shallow,3
22.2238,84.8615,381,sand,2,brick,11,raft,2
22.2796,84.8255,230,alluvium,6,steel,9,raft,2
22.2838,84.9184,263,sand,6,brick,27,shallow,3
22.3223,84.8325,566,sand,8,steel,2,pile,0
22.1035,84.8055,598,clay,11,steel,1,pile,0
22.1253,84.7998,536,rock,5,steel,49,shallow,2
22.1648,84.8167,587,clay,9,brick,38,raft,3
22.3537,84.8731,325,rock,4,brick,35,pile,3
22.1233,84.8356,301,clay,12,brick,44,shallow,4
22.3395,84.9056,335,alluvium,12,rc,15,pile,1
22.3278,84.7247,254,rock,10,steel,36,pile,0
22.2179,84.8315,469,sand,8,brick,28,raft,2
22.2292,84.7356,235,clay,1,rc,1,pile,3
22.384,84.7849,381,alluvium,12,steel,18,pile,0
22.2911,84.7852,305,sand,11,brick,49,pile,2
22.1304,84.9118,571,rock,2,rc,48,raft,2
22.1654,84.947,500,rock,4,rc,49,pile,2
22.1422,84.8214,555,clay,8,rc,3,raft,2
22.3892,84.7961,334,rock,6,rc,43,raft,2
22.2164,84.74,485,sand,6,brick,15,raft,2
22.2464,84.7325,301,rock,5,brick,42,pile,3
22.2124,84.8185,313,clay,4,steel,18,pile,1
22.348,84.946,256,sand,11,brick,47,shallow,3
22.1455,84.7077,403,sand,6,steel,4,pile,0
22.394,84.8195,576,sand,2,rc,45,raft,2
22.3286,84.9084,614,rock,3,brick,42,raft,3
22.348,84.8773,429,rock,1,rc,21,pile,1
22.2027,84.7676,479,alluvium,11,steel,39,pile,1
22.2634,84.7413,626,rock,8,rc,35,raft,2
22.1452,84.9042,614,alluvium,1,brick,35,raft,4
22.3641,84.8559,428,rock,8,rc,19,raft,1
22.1604,84.7988,463,clay,5,brick,17,shallow,4
22.3133,84.9267,243,rock,11,brick,34,shallow,4
22.3166,84.8333,319,alluvium,6,brick,21,raft,3
22.3238,84.8373,184,sand,1,rc,20,pile,2
22.24,84.7086,249,alluvium,1,steel,19,shallow,3
22.2539,84.7234,487,rock,6,rc,36,pile,2
22.1857,84.7508,395,rock,7,brick,15,raft,2
22.2817,84.9297,421,clay,1,steel,14,pile,1
22.2368,84.8109,354,rock,4,rc,7,raft,1
22.3868,84.7501,508,sand,8,brick,45,shallow,4
22.2317,84.9117,531,alluvium,8,steel,19,shallow,2
22.1936,84.764,504,rock,7,steel,16,pile,0
22.3288,84.9323,393,alluvium,11,rc,3,pile,1
22.3078,84.7336,305,rock,5,brick,16,raft,2
22.3459,84.7834,214,sand,8,steel,30,pile,1
22.3872,84.7022,198,clay,2,brick,8,shallow,4
22.3984,84.7225,209,alluvium,7,rc,3,shallow,4
22.3214,84.9085,180,rock,5,brick,13,raft,3
22.326,84.8922,307,sand,9,steel,1,pile,0
22.3538,84.8534,283,alluvium,7,steel,9,raft,1
22.3169,84.7701,439,sand,6,rc,11,shallow,2
22.2046,84.7277,367,clay,2,rc,45,raft,3
22.3865,84.8306,195,clay,2,brick,40,shallow,4
22.1339,84.9105,559,clay,6,brick,2,pile,3
22.1219,84.8007,290,alluvium,12,rc,34,raft,2
22.1843,84.9009,641,sand,8,rc,27,raft,1
22.1066,84.8458,474,clay,1,steel,17,shallow,2
22.2921,84.9447,200,alluvium,3,rc,19,pile,3
22.2943,84.7307,516,rock,7,steel,23,pile,0
22.3601,84.8135,635,rock,6,steel,20,shallow,1
22.3048,84.7605,591,clay,4,rc,24,raft,2
22.187,84.8408,439,alluvium,11,rc,23,pile,1
22.3162,84.8004,594,sand,2,brick,18,raft,2
22.3471,84.8804,540,clay,12,brick,49,pile,3
22.1953,84.7,528,alluvium,10,brick,18,raft,2
22.1829,84.8767,522,clay,8,rc,8,shallow,3
22.1011,84.7617,556,clay,12,rc,11,raft,1
22.348,84.7325,316,clay,11,rc,34,raft,2
22.194,84.8972,578,sand,3,brick,13,pile,2
22.2267,84.7943,235,clay,12,steel,37,raft,2
22.1348,84.7106,592,sand,1,brick,27,raft,2
22.3533,84.869,354,sand,7,steel,21,raft,0
22.3139,84.8666,596,alluvium,8,steel,44,raft,2
22.1389,84.869,460,clay,9,steel,21,raft,0
22.2426,84.8586,472,clay,10,brick,17,raft,2
22.208,84.9392,207,sand,9,steel,35,shallow,2
22.2373,84.7522,641,alluvium,3,brick,44,shallow,4
22.1009,84.9147,192,sand,2,steel,37,shallow,3
22.3467,84.9126,195,rock,9,steel,9,raft,0
22.3609,84.8826,649,alluvium,1,rc,36,raft,3
22.3033,84.8519,341,sand,9,steel,24,pile,0
22.3792,84.7314,182,rock,12,brick,6,raft,2
22.2934,84.7988,489,rock,6,rc,1,pile,1
22.3671,84.7719,406,alluvium,9,steel,49,shallow,2
22.1335,84.829,223,clay,5,rc,10,pile,3
22.1044,84.7948,459,rock,2,rc,22,shallow,2
22.3128,84.9372,342,sand,9,steel,3,shallow,0
22.2213,84.8327,361,sand,4,steel,24,pile,0
22.3175,84.9194,557,sand,12,rc,26,shallow,1
22.3033,84.778,335,sand,1,steel,40,raft,1
22.1395,84.9143,360,alluvium,10,rc,47,shallow,3
22.3421,84.7301,313,rock,7,brick,32,pile,3
22.1996,84.7855,234,rock,10,brick,7,shallow,3
22.2044,84.7929,195,alluvium,11,brick,36,pile,4
22.2645,84.9198,486,rock,9,steel,32,pile,0
22.3696,84.8958,396,clay,8,brick,8,pile,3
22.1621,84.7381,283,sand,3,brick,29,shallow,3
22.1685,84.7617,591,rock,12,steel,23,pile,0
22.3015,84.8456,283,rock,9,rc,5,pile,0
22.2592,84.8627,510,alluvium,12,brick,22,pile,2
22.2097,84.7563,378,rock,10,brick,26,shallow,2
22.3542,84.7788,518,sand,11,brick,13,shallow,2
22.3433,84.859,530,sand,12,rc,11,raft,0
22.178,84.7863,231,rock,6,rc,24,raft,2
22.3175,84.8347,338,alluvium,9,brick,46,pile,3
22.1187,84.7368,184,clay,4,rc,41,raft,4
22.2343,84.7336,613,sand,6,rc,27,pile,1
22.3283,84.7886,301,alluvium,5,rc,46,shallow,4
22.1229,84.7687,265,clay,2,rc,14,raft,2
22.264,84.8082,401,sand,3,brick,30,pile,2
22.3592,84.8203,414,rock,12,steel,33,pile,0
22.1411,84.9487,229,alluvium,11,brick,31,shallow,4
22.1726,84.9402,451,rock,4,rc,35,pile,2
22.2495,84.8017,366,sand,10,brick,12,shallow,2
22.1779,84.8092,198,rock,7,steel,38,shallow,3
22.2867,84.9453,439,alluvium,12,brick,29,shallow,3
22.3724,84.9359,286,sand,11,rc,16,raft,0
22.3932,84.8893,320,rock,10,brick,8,raft,1
22.3319,84.7775,273,clay,1,rc,43,raft,3
22.3,84.7407,267,sand,2,brick,22,pile,2
22.3566,84.8508,600,sand,10,steel,36,pile,0
22.2071,84.9315,605,rock,11,steel,21,raft,0
22.1666,84.7804,501,sand,7,rc,8,shallow,2
22.3425,84.7635,334,sand,9,rc,29,raft,0
22.2443,84.8656,189,alluvium,4,rc,9,raft,3
22.1461,84.9475,213,sand,3,steel,1,raft,1
22.1135,84.8903,420,alluvium,3,steel,20,pile,1
22.1272,84.7082,278,sand,1,steel,39,raft,1
22.2731,84.7893,453,clay,4,steel,29,shallow,2
22.2692,84.7896,503,rock,1,brick,1,raft,2
22.1575,84.9296,295,rock,7,brick,10,raft,2
22.3519,84.8879,568,clay,10,brick,1,raft,2
22.1526,84.9167,416,alluvium,9,brick,29,shallow,3
22.2294,84.8798,491,rock,3,rc,21,pile,1
22.255,84.8897,582,clay,12,rc,7,raft,1
22.3682,84.9366,219,clay,5,rc,21,raft,3
22.3289,84.9058,263,rock,2,steel,45,raft,1
22.2773,84.7465,326,alluvium,7,steel,46,shallow,3
22.1621,84.7178,503,clay,10,steel,15,pile,0
22.3638,84.815,546,rock,8,steel,27,pile,0
22.3507,84.783,203,sand,8,brick,42,pile,4
22.3474,84.8289,612,sand,7,steel,23,pile,0
22.3793,84.798,360,sand,9,steel,6,pile,0
22.1164,84.9433,570,clay,7,brick,38,pile,4
22.103,84.8094,563,sand,3,brick,22,pile,2
22.3188,84.9417,217,sand,3,steel,36,shallow,3
22.3226,84.9121,522,rock,10,rc,30,pile,0
22.1976,84.8782,590,sand,3,steel,14,raft,0
22.1376,84.7842,226,sand,6,rc,36,shallow,4
22.3955,84.8886,392,rock,6,rc,21,pile,1
22.1449,84.7952,466,clay,10,rc,10,shallow,2
22.1062,84.7673,433,sand,9,steel,17,shallow,0
22.3857,84.7106,452,sand,4,rc,48,raft,2
22.189,84.8786,584,sand,5,steel,38,pile,1
22.3342,84.8771,230,clay,4,brick,17,raft,4
22.3799,84.9069,283,sand,7,steel,6,raft,0
22.3763,84.8736,346,sand,9,brick,17,shallow,2
22.1093,84.713,252,clay,6,brick,6,shallow,4
22.2995,84.7393,516,clay,1,steel,12,shallow,2
22.3013,84.8088,371,alluvium,1,brick,17,pile,3
22.2142,84.7408,211,sand,4,steel,18,pile,1
22.1048,84.8955,598,alluvium,8,steel,14,shallow,2
22.3111,84.9426,368,alluvium,7,steel,4,shallow,2
22.2677,84.8253,569,rock,9,steel,33,pile,0
22.3901,84.7129,372,rock,5,steel,27,shallow,1
22.2447,84.7296,419,sand,3,rc,19,pile,1
22.219,84.7329,637,alluvium,9,brick,20,raft,2
22.3031,84.8563,181,clay,8,steel,22,raft,2
22.3018,84.8992,186,alluvium,8,brick,3,pile,4
22.3552,84.9455,358,clay,2,brick,16,pile,3
22.1488,84.7467,191,rock,5,brick,11,raft,3
22.1574,84.8029,569,sand,1,brick,5,shallow,3
22.3198,84.8011,297,sand,8,steel,33,raft,1
22.1857,84.8082,198,alluvium,6,rc,5,pile,3
22.1216,84.7514,346,rock,4,steel,33,raft,1
22.2925,84.8679,258,rock,7,brick,14,raft,2
22.3343,84.8963,427,rock,4,rc,29,shallow,2
22.1976,84.9353,540,alluvium,9,rc,8,shallow,2
22.1203,84.8297,196,rock,2,steel,6,pile,1
22.2643,84.9447,348,clay,5,brick,18,raft,3
22.3114,84.8057,398,sand,1,rc,12,raft,1
22.1222,84.8514,277,clay,9,brick,35,raft,3
22.1806,84.7719,253,rock,6,rc,22,raft,1
22.1432,84.8488,398,sand,6,brick,20,pile,2
22.1892,84.723,287,alluvium,3,brick,20,shallow,4
22.1276,84.8383,488,rock,2,rc,22,shallow,2
22.3895,84.7627,445,alluvium,9,rc,33,pile,2
22.3016,84.8459,622,clay,4,rc,2,pile,2
22.3598,84.9367,333,sand,9,rc,10,raft,0
22.2837,84.7533,614,alluvium,5,rc,22,raft,2
22.2876,84.7934,463,sand,1,steel,49,shallow,2
22.2157,84.9341,316,alluvium,4,steel,19,shallow,2
22.3873,84.7998,416,rock,10,rc,32,shallow,2
22.3017,84.9443,324,rock,10,steel,27,raft,0
22.2301,84.7232,520,sand,9,steel,28,shallow,0
22.3584,84.9043,558,sand,9,rc,27,raft,0
22.1027,84.8474,452,clay,11,brick,41,shallow,4
22.1726,84.8785,347,rock,7,brick,49,pile,3
22.3455,84.7125,615,sand,1,rc,46,raft,2
22.1812,84.7619,475,rock,11,steel,3,raft,0
22.1646,84.8493,195,clay,2,brick,30,raft,4
22.3854,84.9096,217,alluvium,3,steel,36,pile,3
22.3798,84.8361,353,sand,3,brick,10,raft,2
22.2541,84.7633,270,alluvium,8,brick,46,raft,4
22.2113,84.9302,569,clay,11,steel,25,raft,0
22.2001,84.9163,532,clay,6,brick,37,pile,4
22.2999,84.8968,520,rock,2,brick,43,raft,3
22.2914,84.9084,347,clay,4,steel,43,raft,2
22.3809,84.716,533,rock,6,brick,11,raft,2
22.2797,84.7503,393,rock,7,brick,43,pile,3
22.2473,84.9318,386,clay,1,steel,3,pile,1
22.2229,84.8638,564,rock,6,steel,38,shallow,2
22.1336,84.8291,381,rock,12,steel,21,pile,0
22.324,84.8801,482,alluvium,4,rc,19,pile,2
22.1331,84.7723,375,alluvium,12,steel,27,shallow,1
22.2545,84.8339,456,alluvium,10,brick,24,pile,2
22.3368,84.7769,211,sand,7,steel,32,shallow,3
22.3359,84.8581,356,alluvium,10,brick,39,pile,3
22.1695,84.7797,496,alluvium,9,rc,6,pile,1
22.266,84.8258,329,clay,9,brick,5,raft,2
22.3031,84.9095,643,rock,3,rc,30,pile,1
22.2318,84.8526,464,rock,5,rc,23,pile,1
22.1538,84.8735,291,alluvium,7,steel,45,raft,2
22.1496,84.7005,629,clay,5,steel,6,pile,1
22.3368,84.7742,425,alluvium,1,brick,30,raft,3
22.1057,84.7414,605,rock,3,steel,14,shallow,1
22.1364,84.8587,294,clay,4,brick,34,shallow,4
22.2558,84.8519,385,sand,7,rc,47,raft,2
22.2173,84.7586,578,rock,12,steel,24,pile,0
22.2849,84.8392,354,clay,1,brick,33,pile,4
22.2623,84.8741,354,sand,10,brick,1,pile,1
22.1611,84.7819,320,clay,6,steel,1,shallow,2
22.2894,84.8331,384,alluvium,1,steel,29,pile,1
22.2317,84.9451,196,alluvium,7,brick,13,shallow,4
22.2176,84.9239,186,alluvium,10,brick,49,raft,4
22.3854,84.8941,241,alluvium,1,rc,43,raft,4
22.1207,84.8186,386,alluvium,5,brick,43,raft,4
22.3066,84.7633,204,alluvium,6,rc,28,pile,3
22.3092,84.8882,272,clay,9,steel,22,shallow,1
22.353,84.8213,614,alluvium,6,brick,41,raft,4
22.2595,84.8276,326,sand,2,brick,41,raft,3
22.3648,84.8166,360,sand,9,steel,40,raft,0
22.1047,84.7702,373,sand,8,brick,22,pile,2
22.2438,84.7454,539,clay,4,steel,15,raft,1
22.12,84.8621,352,clay,2,rc,2,pile,2
22.254,84.9473,199,sand,11,brick,42,raft,3
22.1963,84.755,361,clay,8,steel,4,raft,1
22.2393,84.8807,301,rock,11,steel,32,pile,0
22.1025,84.7544,241,alluvium,1,rc,9,raft,3
22.1016,84.9011,496,rock,8,steel,15,pile,0
22.1146,84.8453,380,rock,10,rc,37,shallow,2
22.2563,84.7876,493,sand,4,rc,17,shallow,2
22.1044,84.7518,223,rock,11,brick,7,shallow,3
22.2987,84.7867,569,sand,10,steel,17,shallow,0
22.1775,84.8514,456,rock,10,brick,36,raft,2
22.3558,84.8354,241,rock,10,rc,12,raft,1
22.2422,84.8791,233,clay,8,rc,40,shallow,4
22.1941,84.7604,622,sand,2,brick,30,pile,2
22.3606,84.8811,574,alluvium,1,rc,26,pile,2
22.3088,84.7957,525,alluvium,7,steel,18,raft,1
22.3875,84.8078,241,clay,6,brick,47,pile,4
22.291,84.8871,240,rock,1,steel,30,raft,1
22.1809,84.7477,557,alluvium,11,brick,36,shallow,4
22.3471,84.7158,616,clay,4,rc,32,shallow,4
22.3283,84.7469,519,sand,10,rc,37,shallow,2
22.3244,84.7377,571,clay,1,brick,37,raft,4
22.1779,84.7084,584,alluvium,3,steel,15,pile,1
22.2672,84.7097,357,clay,6,steel,25,raft,1
22.3694,84.922,411,clay,7,rc,40,shallow,4
22.3,84.7236,443,sand,11,rc,33,pile,1
22.273,84.7168,355,rock,11,steel,20,raft,0
22.3709,84.9334,270,sand,10,rc,3,pile,0
22.3993,84.7604,322,sand,1,steel,35,pile,1
22.1067,84.7901,617,rock,11,brick,30,raft,1
22.1938,84.8636,470,rock,6,rc,38,shallow,3
22.1051,84.9292,612,sand,4,rc,32,pile,2
22.1398,84.8279,621,alluvium,3,steel,3,shallow,2
22.2874,84.9161,317,clay,3,brick,25,pile,3
22.1208,84.8596,198,rock,11,rc,2,shallow,2
22.3122,84.7973,455,clay,3,rc,23,shallow,3
22.3785,84.9323,362,rock,12,steel,5,shallow,0
22.2899,84.8173,328,rock,12,steel,4,raft,0
22.3583,84.8153,345,sand,9,rc,14,pile,0
22.116,84.8137,581,rock,11,rc,18,shallow,1
22.133,84.9313,607,sand,5,brick,23,shallow,3
22.3073,84.8743,361,rock,10,brick,22,raft,1
22.1469,84.859,439,alluvium,1,steel,15,shallow,2
22.1612,84.7106,421,alluvium,1,steel,29,shallow,2
22.3846,84.7152,613,alluvium,1,rc,43,shallow,4
22.2361,84.8137,199,clay,6,brick,3,raft,4
22.2917,84.9384,192,clay,2,brick,37,shallow,4
22.3501,84.8606,617,rock,10,rc,11,shallow,1
22.2779,84.7887,329,rock,4,steel,8,pile,0
22.12,84.7577,388,alluvium,4,brick,16,raft,3
22.3072,84.8492,643,rock,11,brick,47,shallow,3
22.305,84.7939,394,sand,8,steel,9,pile,0
22.3992,84.7075,413,alluvium,1,steel,47,raft,2
22.2809,84.8547,386,rock,5,brick,30,shallow,3
22.1384,84.7869,488,alluvium,7,steel,12,shallow,2
22.3451,84.9131,529,clay,3,brick,46,raft,4
22.2157,84.7178,543,sand,10,rc,34,pile,1
22.2425,84.7138,395,rock,10,brick,32,pile,2
22.1502,84.7368,566,rock,5,rc,40,raft,2
22.1343,84.7022,586,clay,8,steel,11,shallow,2
22.1979,84.7748,529,sand,8,steel,10,shallow,1
22.1769,84.7888,304,alluvium,4,brick,37,pile,4
22.151,84.9246,517,rock,6,rc,24,raft,1
22.1465,84.7207,309,rock,7,brick,11,raft,2
22.269,84.901,632,alluvium,6,steel,10,shallow,2
22.2517,84.736,534,alluvium,12,rc,48,pile,2
22.1523,84.9189,244,sand,7,steel,31,shallow,3
22.1919,84.9056,285,alluvium,5,brick,34,shallow,4
22.2375,84.8813,355,rock,2,rc,12,shallow,2
22.3331,84.9156,450,alluvium,7,steel,39,pile,2
22.2688,84.8913,219,alluvium,4,brick,26,pile,4
22.1585,84.8223,387,alluvium,9,brick,12,raft,2
22.245,84.9096,506,clay,9,steel,35,pile,1
22.3399,84.7308,474,alluvium,4,rc,25,shallow,3
22.2542,84.9258,544,clay,1,steel,49,pile,2
22.1526,84.8419,367,sand,10,rc,14,raft,0
22.2934,84.7575,218,clay,8,steel,25,raft,2
22.3225,84.7699,370,alluvium,6,steel,28,raft,1
22.1496,84.9136,310,sand,6,brick,34,shallow,4
22.371,84.851,601,rock,8,brick,8,shallow,3
22.2114,84.8964,211,sand,3,steel,10,raft,1
22.2102,84.7218,356,rock,11,rc,31,shallow,2
22.272,84.7844,487,sand,9,rc,41,pile,1
22.1758,84.83,263,clay,7,rc,22,raft,2
22.3255,84.8559,605,rock,2,rc,49,shallow,3
22.2882,84.8876,617,rock,4,brick,33,raft,3
22.2663,84.7499,587,sand,10,brick,8,raft,1
22.3762,84.71,353,alluvium,8,brick,8,pile,3
22.3774,84.8965,448,clay,7,rc,37,raft,3
22.2399,84.8901,451,clay,7,steel,2,pile,1
22.3281,84.8282,465,sand,7,rc,13,shallow,2
22.3308,84.7995,273,alluvium,2,brick,13,pile,3
22.3023,84.8907,291,rock,7,rc,17,pile,1
22.2532,84.8538,380,alluvium,4,brick,10,shallow,4
22.3321,84.7309,563,clay,4,rc,30,pile,2
22.2653,84.8095,361,rock,1,brick,44,shallow,4
22.1075,84.8123,444,alluvium,12,rc,33,raft,2
22.332,84.9287,571,alluvium,8,steel,27,raft,1
22.152,84.7949,411,sand,10,rc,11,shallow,1
22.2705,84.8629,595,sand,10,rc,29,pile,0
22.3569,84.9088,235,alluvium,6,steel,22,raft,2
22.1198,84.7048,371,clay,3,steel,8,raft,1
22.3326,84.7586,318,clay,8,steel,49,pile,2
22.1997,84.7734,283,clay,3,brick,39,pile,4
22.1796,84.8529,326,sand,8,rc,38,pile,2
22.1887,84.8549,472,clay,3,brick,4,shallow,4
22.2051,84.9282,343,rock,10,rc,13,pile,0
22.1031,84.879,284,sand,4,rc,46,shallow,3
22.3383,84.7695,417,sand,8,rc,28,shallow,2
22.1783,84.7858,475,rock,1,steel,12,raft,0
22.1557,84.7931,567,clay,6,rc,44,shallow,4
22.1495,84.76,363,clay,12,rc,31,shallow,3
22.1451,84.942,204,rock,2,rc,3,raft,2
22.174,84.8177,252,rock,10,rc,20,pile,0
22.3262,84.8445,502,sand,8,rc,5,raft,1
22.1344,84.9354,292,clay,3,rc,12,pile,2
22.3595,84.7624,354,clay,2,rc,23,pile,2
22.3654,84.9239,311,clay,7,rc,48,pile,3
22.3073,84.7679,268,sand,2,steel,30,raft,0
22.3821,84.8509,519,rock,1,steel,22,shallow,1
22.152,84.8215,551,sand,6,rc,15,pile,1
22.385,84.7343,642,rock,9,rc,21,shallow,1
22.2751,84.7975,249,clay,1,steel,43,raft,3
22.2032,84.8833,631,clay,11,steel,18,raft,0
22.1318,84.9183,539,alluvium,7,steel,3,pile,1
22.2233,84.8401,359,clay,1,rc,8,pile,2
22.348,84.9002,184,alluvium,10,rc,45,raft,3
22.1227,84.7904,622,rock,6,brick,29,raft,2
22.1679,84.9239,181,sand,1,brick,40,pile,4
22.1097,84.8647,287,clay,12,steel,39,pile,1
22.1518,84.842,626,rock,6,brick,28,pile,2
22.3951,84.7649,402,rock,10,steel,21,pile,0
22.172,84.7361,210,rock,4,steel,25,shallow,2
22.3076,84.8145,219,sand,5,steel,47,raft,2
22.2723,84.7345,361,alluvium,10,brick,21,shallow,3
22.3236,84.7191,278,sand,8,brick,47,raft,3
22.1155,84.8393,320,alluvium,1,steel,38,raft,2
22.24,84.8205,441,rock,3,rc,46,pile,2
22.1548,84.7349,322,alluvium,6,brick,27,shallow,4
22.3345,84.7689,342,sand,12,brick,6,raft,1
22.3038,84.7191,586,clay,9,rc,34,pile,2
22.1098,84.8189,199,rock,6,rc,6,raft,2
22.2962,84.8548,567,clay,1,rc,14,shallow,3
22.3535,84.756,223,rock,7,brick,15,pile,3
22.2838,84.9346,598,rock,1,brick,35,shallow,4
22.2064,84.8377,595,clay,10,rc,48,pile,2
22.114,84.7799,560,sand,1,rc,7,shallow,2
22.1766,84.7265,467,rock,4,rc,13,pile,1
22.2595,84.8344,600,alluvium,4,rc,40,raft,3
22.147,84.9068,369,rock,4,rc,45,shallow,3
22.166,84.8296,373,sand,3,brick,8,raft,2
22.2507,84.8829,380,alluvium,7,brick,45,pile,4
22.3509,84.7126,543,alluvium,3,steel,39,shallow,3
22.2906,84.8575,465,clay,10,steel,38,shallow,2
22.2594,84.8694,400,clay,7,rc,34,raft,3
22.3473,84.7366,632,rock,6,rc,46,shallow,3
22.1323,84.892,185,rock,10,steel,18,shallow,1
22.1749,84.8369,636,clay,5,steel,10,raft,1
22.2719,84.7813,558,rock,3,rc,42,shallow,3
22.1019,84.9446,567,clay,4,rc,17,raft,2
22.3185,84.7865,393,rock,8,rc,6,shallow,2
22.2322,84.7331,329,clay,7,brick,11,pile,3
22.2363,84.895,572,alluvium,12,steel,12,shallow,1
22.2979,84.872,292,clay,11,rc,41,pile,2
22.1594,84.7164,304,clay,5,rc,47,shallow,4
22.2491,84.9292,460,sand,12,steel,34,pile,0
22.1513,84.8045,204,sand,10,steel,14,pile,0
22.3173,84.8726,273,rock,7,steel,41,shallow,2
22.1157,84.7399,227,sand,2,rc,10,pile,2
22.1701,84.7059,584,clay,6,steel,45,raft,2
22.1914,84.7661,561,sand,2,steel,12,raft,0
22.1108,84.9317,510,alluvium,1,steel,18,shallow,2
22.3574,84.8828,323,sand,6,brick,44,shallow,4
22.1941,84.762,477,sand,12,brick,13,shallow,2
22.2699,84.7016,494,sand,11,steel,27,shallow,0
22.2698,84.8879,370,rock,7,rc,46,raft,2
22.1583,84.7233,320,clay,11,steel,17,pile,0
22.1665,84.7794,471,rock,5,brick,8,pile,2
22.3791,84.7238,463,clay,6,steel,29,shallow,2
22.2879,84.7718,330,rock,10,rc,7,shallow,1
22.1154,84.8231,472,clay,3,rc,15,pile,2
22.2184,84.8325,454,alluvium,10,rc,21,shallow,2
22.3416,84.89,464,rock,4,brick,25,shallow,3
22.1805,84.7903,585,rock,2,steel,5,raft,0
22.3482,84.8462,454,rock,7,rc,34,raft,2
22.158,84.8604,400,rock,4,rc,22,raft,1
22.2012,84.778,508,rock,7,rc,19,shallow,2
22.2944,84.9188,514,alluvium,9,steel,20,shallow,1
22.3019,84.9061,517,clay,5,rc,20,shallow,3
22.2969,84.8338,457,sand,10,brick,4,raft,1
22.1812,84.7203,477,sand,9,brick,42,pile,2
22.2514,84.7293,338,rock,3,steel,21,raft,0
22.3598,84.7724,360,alluvium,2,steel,10,shallow,2
22.2282,84.7826,452,sand,7,steel,31,pile,1
22.3067,84.9058,554,alluvium,5,steel,4,pile,1
22.281,84.8309,575,clay,1,rc,33,shallow,4
22.2477,84.7488,226,clay,12,rc,42,shallow,4
22.3374,84.8506,439,rock,12,rc,19,pile,0
22.1378,84.9448,350,alluvium,11,rc,45,shallow,3
22.1405,84.7379,462,clay,1,brick,2,raft,3
22.3297,84.7014,361,sand,4,steel,38,raft,1
22.143,84.7046,445,rock,12,brick,42,raft,2
22.17,84.8563,540,clay,6,brick,42,shallow,4
22.1753,84.8626,416,alluvium,6,steel,20,pile,1
22.3104,84.7284,515,sand,2,steel,32,raft,1
22.2436,84.9322,603,clay,9,rc,12,raft,1
22.1084,84.8557,405,sand,4,rc,39,raft,2
22.2894,84.8066,303,sand,4,steel,24,raft,0
22.2478,84.8584,236,alluvium,2,brick,29,pile,4
22.3418,84.848,519,alluvium,7,rc,24,raft,2
22.2088,84.8367,536,clay,2,steel,24,shallow,2
22.2023,84.9293,511,clay,6,brick,6,raft,3
22.3144,84.7733,385,sand,4,brick,25,raft,2
22.1924,84.9094,327,rock,2,rc,38,shallow,3
22.1887,84.7003,302,sand,11,steel,5,pile,0
22.2986,84.8584,641,rock,7,rc,31,shallow,3
22.1127,84.8712,516,alluvium,7,rc,14,raft,2
22.1382,84.7316,194,sand,12,steel,17,pile,0
22.3495,84.9296,277,rock,5,rc,45,pile,2
22.3683,84.8612,435,alluvium,11,steel,14,shallow,1
22.1355,84.7,466,rock,3,steel,17,raft,0
22.2663,84.7371,369,sand,7,brick,32,raft,3
22.3553,84.9394,470,rock,5,brick,9,pile,2
22.2659,84.9031,274,clay,6,rc,2,pile,2
22.2821,84.7972,268,sand,8,rc,1,pile,1
22.1945,84.7242,254,clay,7,steel,47,pile,2
22.393,84.8012,233,sand,10,steel,16,shallow,1
22.3987,84.8457,372,alluvium,10,brick,47,raft,3
22.1955,84.8223,519,rock,6,brick,8,shallow,3
22.1946,84.7333,310,clay,12,rc,35,pile,2
22.3,84.7299,391,alluvium,4,rc,9,shallow,3
22.3412,84.8065,454,clay,6,steel,27,pile,1
22.2858,84.7467,367,clay,9,rc,22,shallow,2
22.1923,84.823,544,sand,6,rc,43,shallow,3
22.1589,84.7314,477,sand,10,steel,48,raft,0
22.1847,84.7745,256,clay,12,brick,9,pile,2
22.1258,84.7143,218,sand,3,steel,12,raft,1
22.2422,84.7167,446,clay,10,rc,42,raft,2
22.346,84.7104,606,alluvium,3,steel,6,shallow,2
22.1757,84.7769,605,alluvium,12,brick,1,pile,2
22.3931,84.8362,231,alluvium,6,brick,47,raft,4
22.2094,84.8602,496,clay,4,steel,25,raft,1
22.3101,84.8926,319,rock,11,brick,37,shallow,3
22.1063,84.7789,556,sand,9,brick,4,pile,1
22.2188,84.8891,545,clay,10,rc,11,shallow,2
22.211,84.8376,608,clay,7,rc,28,shallow,3
22.2739,84.7864,588,alluvium,6,brick,29,pile,3
22.2018,84.8265,513,sand,3,rc,30,shallow,2
22.2498,84.7266,417,rock,4,brick,29,raft,2
22.3618,84.813,396,clay,3,brick,38,raft,4
22.2162,84.8649,243,alluvium,6,steel,38,raft,3
22.2366,84.8037,186,clay,6,rc,17,pile,3
22.3864,84.7379,317,clay,9,steel,7,raft,0
22.2576,84.7278,487,clay,1,rc,1,raft,2
22.1488,84.8689,183,rock,1,brick,4,shallow,4
22.1626,84.7146,180,alluvium,7,brick,30,shallow,4
22.2091,84.7246,187,rock,8,rc,19,pile,2
22.1886,84.8325,478,sand,11,brick,32,shallow,3
22.3724,84.7991,592,sand,3,steel,47,shallow,2
22.361,84.7929,600,clay,1,steel,39,raft,2
22.3819,84.8888,218,sand,9,steel,4,shallow,1
22.1602,84.7788,245,sand,12,brick,12,raft,2
22.3486,84.8959,360,clay,7,steel,1,pile,1
22.1969,84.9469,269,sand,6,steel,6,shallow,1
22.281,84.9004,198,clay,5,rc,18,pile,3
22.2742,84.934,428,alluvium,10,brick,33,pile,3
22.1447,84.8965,529,alluvium,11,steel,39,shallow,2
22.3948,84.7215,426,sand,1,rc,43,shallow,3
22.1397,84.81,359,rock,7,steel,44,pile,1
22.1164,84.8499,350,sand,2,steel,44,raft,1
22.3256,84.9264,543,clay,11,rc,31,shallow,3
22.3461,84.9066,389,alluvium,4,steel,49,shallow,3
22.2511,84.717,629,alluvium,12,rc,6,shallow,2
22.2398,84.8113,264,alluvium,7,brick,16,pile,3
22.3599,84.7412,403,sand,12,steel,49,raft,0
22.2715,84.7462,595,rock,5,rc,23,raft,1
22.3363,84.7708,622,rock,10,brick,39,raft,2
22.2121,84.8563,302,clay,3,rc,19,shallow,3
22.3227,84.761,214,sand,6,brick,12,raft,3
22.2193,84.8279,326,clay,3,brick,8,raft,3
22.1812,84.7485,354,sand,4,rc,21,raft,1
22.1077,84.8383,195,alluvium,3,rc,48,raft,4
22.1606,84.7645,506,rock,7,steel,38,shallow,2
22.3467,84.9257,292,alluvium,5,brick,44,shallow,4
22.1137,84.9365,289,rock,8,brick,49,pile,3
22.1232,84.7425,644,alluvium,12,rc,26,raft,1
22.327,84.8701,599,clay,9,brick,23,shallow,3
22.3969,84.8711,606,clay,9,steel,18,shallow,1
22.3784,84.7228,463,clay,2,rc,28,pile,2
22.2925,84.8027,290,sand,9,brick,40,pile,2
22.2959,84.8449,247,clay,9,steel,34,pile,2
22.1124,84.942,185,alluvium,8,brick,48,pile,4
22.1344,84.8226,376,rock,9,rc,20,raft,0
22.1537,84.8994,245,alluvium,10,rc,45,raft,3
22.2425,84.9306,640,alluvium,2,rc,47,pile,3
22.205,84.8956,214,sand,7,brick,26,pile,3
22.3623,84.9077,607,clay,8,rc,41,shallow,4
22.2892,84.8849,393,sand,7,brick,19,raft,2
22.2003,84.8827,527,alluvium,12,brick,33,raft,3
22.3498,84.901,432,alluvium,1,brick,37,shallow,4
22.3076,84.735,347,clay,6,brick,13,pile,3
22.2856,84.8421,329,sand,12,rc,48,shallow,2
22.3307,84.9485,507,clay,12,brick,22,raft,2
22.3639,84.9268,588,rock,9,brick,1,pile,1
22.2063,84.7757,522,clay,11,rc,43,raft,2
22.2255,84.7895,325,sand,7,rc,15,shallow,2
22.1484,84.8179,586,sand,11,brick,45,raft,2
22.1674,84.7173,482,alluvium,8,brick,42,shallow,4
22.2419,84.7108,526,alluvium,6,rc,27,shallow,3
22.3085,84.8418,466,rock,5,rc,26,pile,1
22.254,84.7326,356,sand,7,brick,20,raft,2
22.1784,84.8048,580,rock,12,brick,41,pile,2
22.1548,84.7798,476,clay,6,rc,11,raft,2
22.1857,84.8837,608,sand,11,steel,14,raft,0
22.1314,84.7321,552,clay,3,rc,33,pile,3
22.1274,84.8564,420,rock,4,brick,24,raft,2
22.2564,84.9241,332,clay,1,brick,43,shallow,4
22.2764,84.779,400,rock,3,brick,23,shallow,3
22.2289,84.8875,508,sand,1,steel,42,raft,1
22.1542,84.7672,415,alluvium,8,rc,18,shallow,3
22.1919,84.8388,313,rock,5,steel,6,raft,0
22.2846,84.7204,218,sand,10,brick,10,shallow,3
22.2554,84.7535,623,clay,8,rc,9,pile,2
22.2815,84.7969,347,alluvium,9,brick,45,raft,3
22.3396,84.9332,451,sand,3,brick,5,shallow,3
22.2376,84.8411,325,clay,2,steel,29,pile,1
22.3795,84.9492,509,sand,9,rc,8,raft,0
22.2915,84.7799,435,alluvium,9,steel,30,shallow,1
22.1769,84.7552,477,clay,4,steel,13,pile,1
22.3025,84.7598,252,alluvium,4,steel,7,raft,1
22.1938,84.8027,458,alluvium,7,rc,40,raft,3
22.3411,84.7209,336,clay,10,brick,5,pile,2
22.3298,84.8729,613,sand,4,rc,44,pile,2
22.1163,84.7456,332,sand,10,rc,39,pile,1
22.2896,84.8815,374,sand,10,brick,35,shallow,3
22.2282,84.8613,371,clay,5,brick,19,raft,3
22.2195,84.7017,561,alluvium,8,brick,41,shallow,4
22.2111,84.8878,618,clay,3,rc,14,pile,2
22.1548,84.9391,186,sand,3,rc,49,shallow,4
22.1187,84.8215,411,sand,3,brick,8,pile,2
22.1247,84.85,262,sand,10,rc,17,pile,0
22.1907,84.9147,334,alluvium,10,brick,34,shallow,4
22.1821,84.928,581,sand,7,steel,6,raft,0
22.3048,84.7829,516,alluvium,8,brick,11,pile,3
22.2532,84.73,463,clay,3,brick,11,raft,3
22.3584,84.7343,269,clay,5,rc,39,pile,3
22.3255,84.903,455,alluvium,6,steel,7,pile,1
22.1395,84.8763,370,sand,8,brick,4,shallow,3
22.2875,84.8596,416,rock,8,rc,7,raft,1
22.3152,84.8189,409,clay,7,brick,44,pile,4
22.1584,84.9051,477,alluvium,5,brick,33,shallow,4
22.1568,84.8801,366,alluvium,1,brick,35,shallow,4
22.3379,84.9453,182,clay,4,brick,47,pile,4
22.1316,84.9097,626,sand,1,steel,24,raft,0
22.1418,84.853,385,alluvium,2,steel,15,raft,1
22.1213,84.7874,229,sand,4,brick,8,shallow,4
22.3086,84.8574,640,alluvium,9,brick,34,raft,3
22.3327,84.7983,595,rock,4,brick,49,shallow,4
22.1665,84.714,258,sand,12,brick,14,shallow,2
22.2032,84.8301,634,rock,7,brick,31,shallow,4
22.1366,84.804,193,rock,8,steel,27,pile,1
22.175,84.7183,641,rock,9,brick,30,pile,1
22.2245,84.8055,424,rock,6,brick,35,pile,3
22.3685,84.9133,307,clay,1,brick,43,pile,4
22.2374,84.7642,309,sand,4,rc,21,shallow,2
22.2982,84.8866,260,alluvium,7,steel,25,raft,1
22.2306,84.9302,195,clay,3,steel,41,pile,3
22.2712,84.8197,605,rock,9,rc,2,raft,0
22.1001,84.9288,499,rock,6,brick,22,shallow,3
22.3467,84.8882,430,sand,1,rc,18,shallow,2
22.3168,84.758,180,rock,8,brick,4,raft,3
22.2537,84.7872,350,clay,11,steel,32,raft,1
22.3133,84.7586,618,alluvium,4,rc,6,raft,2
22.1324,84.7582,549,sand,10,rc,24,raft,0
22.1117,84.798,197,rock,6,rc,13,raft,2
22.3217,84.8716,368,sand,10,rc,17,pile,0
22.3584,84.9165,465,clay,10,brick,34,pile,3
22.2382,84.9472,427,clay,2,brick,42,pile,4
22.2687,84.7699,372,alluvium,4,rc,46,raft,3
22.2196,84.9157,464,sand,5,steel,26,shallow,1
22.2037,84.7017,511,clay,10,brick,6,shallow,3
22.2012,84.9069,601,clay,8,rc,1,raft,2
22.3854,84.7343,563,alluvium,7,brick,19,raft,3
22.2284,84.7154,495,rock,3,rc,30,shallow,2
22.2316,84.9444,305,clay,3,brick,41,raft,4
22.2611,84.91,337,sand,2,steel,17,raft,0
22.1944,84.8685,386,sand,8,steel,22,shallow,1
22.3154,84.7709,236,sand,12,steel,34,raft,1
22.3728,84.7475,487,clay,5,steel,29,shallow,2
22.1356,84.743,564,rock,11,steel,21,pile,0
22.3579,84.7422,240,clay,6,rc,40,shallow,4
22.1637,84.7289,279,alluvium,10,brick,43,shallow,4
22.1043,84.9007,570,clay,12,brick,7,raft,2
22.2511,84.9196,631,rock,7,brick,32,pile,3
22.3074,84.7419,304,clay,1,brick,37,pile,4
22.3489,84.8637,540,clay,4,rc,1,shallow,3
22.1467,84.8368,377,alluvium,3,brick,18,raft,3
22.1662,84.7465,202,clay,10,brick,13,raft,3
22.3867,84.9384,461,sand,1,brick,15,pile,2
22.3099,84.9132,398,rock,9,steel,5,shallow,0
22.1424,84.8909,276,sand,7,rc,38,pile,2
22.2145,84.8938,333,clay,3,brick,15,raft,3
22.2886,84.8583,276,rock,9,steel,41,pile,0
22.3753,84.9219,211,sand,2,brick,43,raft,4
22.1207,84.7837,449,sand,4,brick,32,raft,3
22.3779,84.8548,269,clay,2,rc,30,pile,2
22.3443,84.7955,388,sand,1,brick,10,shallow,3
22.3903,84.8644,486,alluvium,12,steel,16,raft,0
22.3088,84.7906,334,rock,12,steel,17,shallow,0
22.1579,84.8178,621,clay,2,steel,36,pile,2
22.2552,84.8033,268,clay,7,steel,22,raft,1
22.1217,84.8439,382,alluvium,10,rc,25,shallow,2
22.2829,84.7602,345,sand,9,steel,45,shallow,1
22.2636,84.7518,276,clay,1,rc,24,pile,2
22.3732,84.7015,556,clay,12,steel,24,shallow,1
22.1923,84.9315,296,sand,2,rc,48,shallow,3
22.2745,84.8787,520,sand,5,brick,18,shallow,3
22.3653,84.8385,544,alluvium,1,rc,18,pile,2
22.3187,84.7754,224,alluvium,2,steel,17,shallow,3
22.2116,84.89,402,alluvium,4,rc,18,pile,2
22.2506,84.8458,226,rock,11,brick,44,pile,3
22.1149,84.7643,450,rock,12,rc,37,pile,1
22.3618,84.7218,205,rock,9,brick,26,pile,2
22.2026,84.9404,517,clay,5,brick,3,pile,3
22.2055,84.9274,452,alluvium,12,brick,33,pile,3
22.2293,84.778,310,alluvium,11,rc,49,pile,2
22.3545,84.7908,487,alluvium,4,brick,7,pile,3
22.2018,84.8361,587,clay,6,rc,1,shallow,3
22.1154,84.8005,643,alluvium,10,steel,8,shallow,1
22.3247,84.7892,579,sand,4,steel,16,raft,0
22.2985,84.7548,333,rock,10,steel,14,shallow,0
22.1876,84.8872,480,rock,4,steel,3,shallow,1
22.3902,84.8788,638,rock,2,brick,14,shallow,3
22.3417,84.7749,397,alluvium,12,rc,33,shallow,3
22.3122,84.763,277,clay,12,rc,26,raft,1
22.2533,84.8072,603,sand,2,steel,42,pile,1
22.3932,84.7606,458,sand,1,brick,48,shallow,4
22.2652,84.7383,366,alluvium,3,rc,12,raft,2
22.3103,84.9139,257,rock,3,brick,34,shallow,4
22.381,84.8289,640,sand,4,brick,22,pile,2
22.1324,84.9105,425,alluvium,5,rc,40,raft,3
22.242,84.9136,441,rock,4,brick,27,shallow,3
22.3554,84.7211,314,alluvium,11,brick,5,shallow,3
22.1545,84.8076,557,sand,5,brick,23,pile,2
22.3367,84.7298,566,alluvium,6,rc,17,pile,2
22.2554,84.887,556,rock,11,rc,38,raft,1
22.3574,84.8667,214,sand,7,brick,14,raft,3
22.1795,84.874,473,rock,12,brick,46,pile,2
22.2597,84.9054,580,rock,1,rc,3,shallow,2
22.1908,84.8331,447,rock,7,brick,4,pile,2
22.1524,84.8769,264,rock,6,rc,4,pile,1
22.2748,84.731,191,clay,1,rc,10,raft,3
22.2775,84.748,486,alluvium,11,brick,12,raft,2
22.2469,84.8322,318,alluvium,12,brick,36,raft,3
22.1593,84.9013,187,sand,4,steel,29,pile,1
22.2157,84.8267,419,clay,6,steel,21,shallow,2
22.3415,84.7342,346,rock,4,steel,24,pile,0
22.2164,84.772,589,rock,6,steel,38,shallow,2
22.111,84.8187,223,rock,10,rc,6,shallow,2
22.2658,84.8852,587,rock,3,steel,10,shallow,1
22.3018,84.7843,249,clay,5,brick,39,pile,4
22.245,84.8073,619,clay,12,brick,32,shallow,4
22.3537,84.7286,253,clay,9,brick,42,shallow,4
22.1186,84.8442,510,rock,7,brick,34,raft,3
22.2207,84.8062,522,rock,7,brick,40,raft,3
22.3831,84.7627,354,clay,1,steel,37,pile,2
22.112,84.8123,549,sand,6,steel,18,shallow,1
22.1997,84.7789,560,alluvium,12,rc,10,raft,1
22.2213,84.9483,373,rock,10,steel,26,pile,0
22.3595,84.8502,475,sand,9,steel,4,pile,0
22.3545,84.8713,529,alluvium,3,steel,23,raft,1
22.1796,84.7424,319,rock,8,brick,34,pile,3
22.1169,84.8214,236,clay,5,brick,26,raft,4
22.2639,84.7624,464,alluvium,3,brick,26,raft,3
22.2546,84.7256,434,alluvium,12,rc,2,raft,1
22.1048,84.9409,256,sand,5,rc,22,pile,1
22.3085,84.7026,570,rock,10,steel,26,pile,0
22.2727,84.7315,603,rock,12,brick,9,shallow,2
22.2219,84.92,184,sand,11,rc,10,shallow,2
22.3158,84.7679,545,rock,2,brick,15,pile,2
22.1605,84.9272,219,sand,12,steel,32,shallow,2
22.1894,84.8564,407,alluvium,5,steel,6,pile,1
22.2422,84.7564,205,sand,5,rc,23,shallow,3
22.1979,84.8171,416,sand,1,rc,27,pile,1
22.3542,84.7515,302,sand,4,rc,40,raft,2
22.2696,84.7053,588,alluvium,12,brick,12,shallow,3
22.2146,84.7755,532,sand,12,steel,9,pile,0
22.2615,84.9283,361,sand,12,rc,35,raft,1
22.1401,84.9338,512,rock,7,steel,42,raft,1
22.2464,84.9033,254,alluvium,10,brick,38,pile,3
22.1827,84.783,235,clay,9,rc,8,raft,2
22.3771,84.9494,350,rock,9,steel,15,pile,0
22.3216,84.7159,262,alluvium,6,steel,10,shallow,2
22.1913,84.9457,581,alluvium,8,rc,36,raft,3
22.393,84.7943,599,rock,5,brick,3,raft,2
22.2921,84.9126,606,alluvium,3,brick,34,shallow,4
22.3269,84.7984,604,clay,2,brick,15,shallow,4
22.1875,84.9311,295,alluvium,5,rc,34,shallow,4
22.2423,84.742,397,sand,1,steel,48,shallow,2
22.3862,84.9164,353,sand,10,rc,39,pile,1
22.105,84.7847,586,rock,6,steel,4,shallow,1
22.3103,84.8027,378,alluvium,7,brick,2,pile,3
22.3802,84.7328,561,rock,8,steel,48,pile,1
22.2262,84.8255,395,clay,1,rc,26,raft,2
22.2746,84.8995,578,sand,11,rc,4,shallow,1
22.3817,84.7737,593,sand,4,steel,3,raft,0
22.3091,84.7208,421,alluvium,7,rc,49,shallow,4
22.1333,84.7076,375,rock,12,brick,31,shallow,3
22.1662,84.7396,263,clay,7,brick,28,raft,3
22.1934,84.8004,324,clay,2,steel,37,shallow,3
22.3574,84.7762,581,sand,4,steel,36,pile,1
22.3146,84.9433,479,alluvium,7,steel,44,shallow,3
22.1226,84.794,373,rock,5,brick,10,raft,2
22.237,84.7823,410,clay,5,steel,10,shallow,2
22.1764,84.788,307,clay,3,rc,21,raft,2
22.129,84.8801,410,sand,5,steel,30,raft,0
22.1118,84.7055,248,sand,10,rc,31,pile,2
22.2243,84.934,350,sand,3,rc,36,pile,2
22.2686,84.728,276,clay,11,rc,49,pile,2
22.396,84.7627,274,rock,6,steel,1,shallow,1
22.3356,84.8219,271,alluvium,8,steel,46,raft,2
22.2527,84.8132,361,sand,9,steel,28,raft,0
22.1788,84.8181,610,sand,6,rc,29,raft,1
22.3471,84.8773,416,alluvium,3,rc,42,shallow,4
22.2736,84.7206,502,sand,9,rc,45,raft,1
22.2531,84.7647,615,sand,12,rc,45,pile,1
22.3609,84.8181,547,sand,7,brick,6,shallow,3
22.2005,84.8427,266,clay,9,brick,17,raft,2
22.2876,84.9344,570,rock,6,steel,42,pile,1
22.3882,84.8344,196,clay,11,steel,47,shallow,3
22.2602,84.8721,198,rock,1,rc,5,pile,2
22.3986,84.7719,430,rock,7,rc,17,pile,1
22.3648,84.7242,567,alluvium,6,steel,25,raft,1
22.356,84.8246,395,clay,9,rc,4,raft,1
22.2631,84.8737,325,clay,10,steel,19,raft,0
22.2834,84.7927,523,rock,11,steel,35,pile,0
22.1041,84.9239,467,sand,12,brick,9,raft,1
22.3345,84.821,598,clay,6,rc,27,shallow,3
22.2026,84.9025,500,rock,5,brick,49,raft,3
22.3252,84.759,558,sand,11,steel,32,raft,0
22.2945,84.8278,325,clay,11,steel,28,pile,0
22.359,84.7349,261,alluvium,12,brick,8,pile,2
22.2749,84.8795,506,clay,4,steel,18,pile,1
22.1394,84.7656,572,rock,11,rc,9,pile,0
22.1732,84.9417,214,sand,2,steel,5,pile,1
22.2542,84.8725,346,rock,4,brick,25,pile,2
22.3667,84.7402,385,alluvium,6,steel,31,raft,2
22.182,84.8841,345,alluvium,7,rc,4,shallow,3
22.3465,84.7347,314,alluvium,9,steel,31,pile,1
22.2473,84.7802,357,sand,10,rc,38,shallow,2
22.3292,84.8285,629,clay,10,brick,15,shallow,3
22.273,84.9458,375,sand,7,rc,41,raft,2
22.3148,84.8518,298,rock,2,brick,6,pile,2
22.2476,84.9466,358,clay,2,brick,44,pile,4
22.3062,84.9037,536,sand,2,steel,32,shallow,2
22.1653,84.7334,253,sand,3,steel,3,shallow,1
22.1207,84.8209,324,alluvium,7,rc,13,pile,2
22.2634,84.7314,410,clay,8,brick,17,raft,3
22.1813,84.8901,637,clay,9,rc,27,shallow,2
22.2527,84.7348,183,clay,8,steel,35,pile,3
22.34,84.7604,347,rock,6,rc,35,pile,2
22.18,84.8265,475,rock,4,rc,46,shallow,3
22.3535,84.7899,452,alluvium,4,steel,40,shallow,3
22.1697,84.8589,437,sand,9,brick,13,pile,1
22.2228,84.7823,350,clay,11,brick,26,raft,2
22.2333,84.7343,502,alluvium,3,steel,12,raft,1
22.3181,84.8732,218,clay,9,brick,45,raft,4
22.2829,84.9288,532,sand,9,rc,40,shallow,2
22.2294,84.8423,214,alluvium,3,rc,5,raft,3
22.2555,84.8806,296,sand,8,brick,10,shallow,3
22.2895,84.8297,379,alluvium,11,rc,45,pile,2
22.2476,84.7776,476,rock,4,steel,34,raft,1
22.1774,84.816,378,sand,7,rc,17,raft,1
22.2365,84.7409,586,clay,11,rc,46,pile,2
22.3328,84.902,393,sand,4,brick,25,shallow,3
22.2316,84.7097,251,rock,5,brick,49,shallow,4
22.2939,84.8146,418,clay,5,steel,39,shallow,3
22.3471,84.7213,472,clay,3,steel,31,shallow,3
22.189,84.7663,302,clay,12,brick,18,pile,2
22.1661,84.7258,537,alluvium,3,rc,34,raft,3
22.3631,84.832,348,sand,11,steel,5,raft,0
22.2949,84.917,480,alluvium,4,steel,24,shallow,2
22.2929,84.7789,590,alluvium,10,steel,7,shallow,1
22.1407,84.765,217,alluvium,5,steel,23,shallow,3
22.3463,84.9424,403,rock,10,rc,48,pile,1
22.1338,84.884,528,alluvium,6,steel,39,pile,2
22.3993,84.7659,243,rock,4,steel,11,shallow,2
22.1074,84.8742,590,clay,1,steel,21,raft,1
22.2224,84.7869,245,alluvium,11,rc,36,pile,3
22.3466,84.8616,372,alluvium,3,steel,35,raft,2
22.2951,84.9456,460,sand,11,steel,38,raft,0
22.2765,84.7532,565,clay,2,rc,44,shallow,4
22.2778,84.9063,444,alluvium,2,rc,34,shallow,4
22.2407,84.9321,189,alluvium,2,rc,12,shallow,4
22.2194,84.9329,505,clay,1,rc,3,raft,2
22.2434,84.7888,368,clay,5,rc,45,raft,3
22.3099,84.7767,205,rock,8,rc,5,shallow,3
22.1376,84.8639,436,alluvium,5,steel,3,pile,1
22.3609,84.9227,555,clay,7,steel,43,pile,2
22.1231,84.8677,345,sand,10,brick,38,shallow,3
22.3517,84.9193,443,alluvium,1,steel,7,shallow,2
22.1577,84.7255,550,alluvium,6,steel,21,raft,1
22.328,84.7122,237,rock,2,brick,29,shallow,4
22.2639,84.7228,333,alluvium,10,steel,29,raft,0
22.3182,84.9174,544,alluvium,6,rc,37,raft,3
22.1171,84.8469,411,clay,6,rc,28,pile,2
22.1328,84.7507,552,sand,1,rc,9,shallow,2
22.1852,84.9487,640,alluvium,10,brick,29,shallow,3
22.3206,84.8564,399,sand,8,rc,23,raft,1
22.3061,84.9233,221,sand,4,rc,41,raft,3
22.1378,84.7325,204,alluvium,9,brick,27,shallow,4
22.3888,84.8571,615,alluvium,9,brick,3,raft,2
22.2807,84.7806,232,clay,2,rc,18,pile,3
22.3503,84.7141,472,rock,4,steel,39,pile,1
22.3851,84.775,628,alluvium,1,rc,1,pile,2
22.1099,84.9385,284,clay,3,brick,46,pile,4
22.3324,84.7544,627,rock,12,rc,45,pile,1
22.3745,84.7529,637,rock,3,steel,24,pile,0
22.2502,84.9279,195,rock,11,steel,17,shallow,1
22.176,84.9238,450,alluvium,9,brick,34,raft,3
22.2781,84.8887,294,alluvium,4,brick,43,shallow,4
22.3784,84.7414,254,rock,2,steel,34,pile,1
22.1884,84.7886,394,rock,7,brick,39,raft,3
22.3746,84.7664,205,rock,1,rc,37,raft,3
22.3842,84.7514,562,alluvium,7,steel,32,raft,2
22.3905,84.8132,343,clay,12,rc,13,pile,1
22.1905,84.7471,291,alluvium,6,rc,36,pile,3
22.1432,84.7262,493,alluvium,3,brick,1,pile,3
22.1322,84.8059,395,sand,11,brick,45,raft,2
22.1592,84.7244,343,clay,4,steel,36,pile,2
22.1711,84.7412,643,alluvium,9,rc,18,raft,1
22.2612,84.8693,563,clay,12,rc,39,pile,2
22.1053,84.7257,269,rock,5,brick,17,raft,2
22.3673,84.8424,252,alluvium,1,brick,37,raft,4
22.155,84.7017,577,clay,11,steel,33,pile,1
22.3957,84.8717,614,rock,4,brick,2,shallow,3
22.1321,84.8952,408,rock,2,rc,16,shallow,2
22.2345,84.8223,449,sand,7,rc,12,shallow,2
22.1931,84.8905,285,clay,10,steel,43,raft,1
22.1524,84.9187,316,rock,1,rc,33,shallow,3
22.2422,84.9189,241,alluvium,9,rc,29,pile,2
22.29,84.8803,322,rock,6,brick,42,pile,3
22.1084,84.7938,261,rock,2,rc,49,shallow,3
22.3469,84.7588,449,rock,3,steel,42,raft,1
22.1322,84.7042,389,alluvium,10,brick,20,pile,2
22.3459,84.9498,640,rock,4,brick,14,raft,2
22.3037,84.7592,187,alluvium,12,brick,34,raft,4
22.3385,84.7339,594,sand,9,steel,42,raft,0
22.1491,84.7749,209,clay,2,steel,12,raft,2
22.3345,84.7509,432,rock,9,rc,26,pile,0
22.2198,84.8047,247,alluvium,9,brick,13,pile,3
22.3718,84.7344,572,sand,2,steel,41,raft,1
22.2974,84.8819,226,rock,2,steel,32,raft,2
22.249,84.9107,237,sand,10,steel,44,pile,1
22.2833,84.9459,562,alluvium,9,brick,34,raft,3
22.2912,84.7177,633,clay,6,brick,3,pile,3
22.3989,84.8186,305,sand,8,steel,6,pile,0
22.3389,84.8489,477,sand,12,steel,49,shallow,1
22.3145,84.7622,533,alluvium,10,brick,18,pile,2
22.1433,84.7234,225,clay,12,steel,22,raft,1
22.1831,84.8124,434,rock,12,brick,30,pile,1
22.2518,84.7406,508,clay,3,brick,20,shallow,4
22.3152,84.8661,510,rock,8,brick,19,pile,2
22.1026,84.705,205,clay,11,steel,19,pile,1
22.2554,84.7019,346,alluvium,12,rc,41,shallow,3
22.1437,84.9195,276,alluvium,7,rc,7,pile,2
22.2765,84.7527,312,clay,10,rc,28,shallow,2
22.1208,84.8446,312,alluvium,6,steel,15,pile,1
22.3601,84.8673,458,rock,1,steel,43,shallow,2
22.3103,84.7139,461,clay,7,steel,33,shallow,3
22.2441,84.8215,601,alluvium,2,rc,49,raft,3
22.3607,84.9261,285,sand,8,steel,18,pile,0
22.2759,84.8231,509,rock,1,steel,29,raft,0
22.1751,84.9079,425,clay,6,rc,26,pile,2
22.2599,84.8579,457,sand,3,rc,23,pile,1
22.237,84.7374,268,clay,5,brick,41,pile,4
22.1545,84.7756,188,sand,4,steel,2,raft,1
22.3559,84.9334,365,sand,2,steel,35,raft,1
22.2552,84.7211,299,clay,11,brick,6,shallow,3
22.2076,84.8578,582,sand,3,steel,18,pile,0
22.3898,84.7437,312,clay,3,steel,11,raft,1
22.1868,84.8199,308,clay,11,steel,28,raft,0
22.2843,84.9231,512,sand,9,steel,2,shallow,0
22.1074,84.8017,203,sand,3,steel,22,pile,1
22.3198,84.8712,353,rock,3,steel,48,raft,1
22.1844,84.8028,221,sand,9,rc,43,shallow,3
22.2098,84.7259,339,alluvium,3,brick,2,pile,3
22.1807,84.9495,210,clay,3,brick,40,raft,4
22.144,84.7399,513,alluvium,9,brick,48,pile,3
22.1135,84.8556,525,clay,2,rc,9,raft,2
22.2871,84.7335,500,sand,5,brick,27,shallow,3
22.3841,84.8016,223,sand,4,brick,28,raft,3
22.3693,84.9269,347,alluvium,10,rc,3,pile,1
22.3477,84.8978,427,alluvium,6,steel,23,raft,1
22.355,84.7723,446,clay,5,steel,35,raft,2
22.2702,84.7943,594,rock,1,brick,39,raft,3
22.2935,84.7042,399,sand,12,steel,31,raft,0
22.2508,84.7644,284,alluvium,11,rc,35,pile,2
22.1149,84.8498,237,rock,5,steel,45,pile,2
22.371,84.8784,496,alluvium,6,brick,20,raft,3
22.3053,84.8258,595,sand,10,brick,6,raft,1
22.197,84.9048,180,rock,3,brick,5,raft,3
22.3617,84.8533,588,sand,9,steel,35,raft,0
22.2555,84.7182,457,clay,7,steel,13,shallow,2
22.1094,84.7299,559,sand,5,rc,20,shallow,2
22.2506,84.8137,425,alluvium,1,brick,8,shallow,4
22.2563,84.8673,195,alluvium,2,rc,12,shallow,4
22.1891,84.7002,268,rock,8,rc,48,raft,2
22.3624,84.7322,563,sand,2,brick,13,shallow,3
22.3882,84.9257,194,sand,4,brick,49,pile,4
22.2918,84.7589,348,rock,10,steel,24,shallow,0
22.3407,84.7963,183,alluvium,10,brick,5,pile,3
22.1381,84.8069,645,alluvium,7,steel,14,raft,1
22.2744,84.7197,456,sand,1,rc,23,raft,1
22.2541,84.9376,577,sand,4,brick,30,raft,2
22.3545,84.8232,256,sand,2,steel,23,shallow,1
22.2016,84.7139,197,clay,9,steel,33,shallow,3
22.3804,84.8815,198,clay,11,rc,6,raft,2
22.3382,84.8216,263,rock,9,brick,4,pile,1
22.3935,84.8933,190,clay,11,brick,16,raft,3
22.1507,84.8152,562,sand,1,rc,16,pile,1
22.3069,84.9193,195,sand,8,brick,12,raft,3
22.1895,84.8681,606,rock,4,steel,48,raft,1
22.1775,84.7609,462,alluvium,4,brick,25,raft,3
22.1618,84.8773,496,sand,6,rc,3,shallow,2
22.2468,84.7715,234,clay,1,brick,37,raft,4
22.1615,84.8855,642,sand,10,rc,14,shallow,1
22.305,84.7459,434,rock,10,rc,31,raft,1
22.1958,84.9265,285,sand,1,brick,14,raft,2
22.2479,84.7205,203,sand,6,steel,27,raft,1
22.2129,84.9308,517,rock,2,rc,37,shallow,3
22.3107,84.8647,499,sand,8,steel,20,shallow,1
22.3186,84.832,593,sand,5,steel,28,shallow,1
22.1012,84.9499,466,alluvium,1,brick,48,raft,4
22.2809,84.8819,582,alluvium,12,steel,15,shallow,1
22.1854,84.794,642,clay,2,steel,43,raft,2
22.1232,84.7045,450,clay,4,steel,4,pile,1
22.3098,84.728,238,alluvium,10,brick,11,raft,3
22.2414,84.9453,315,rock,11,steel,37,shallow,1
22.327,84.7238,577,clay,6,brick,10,pile,3
22.2875,84.9365,370,sand,12,brick,12,shallow,2
22.152,84.8812,619,alluvium,12,brick,11,shallow,3
22.1097,84.8858,350,sand,3,steel,48,shallow,2
22.3508,84.7387,485,clay,7,rc,13,pile,2
22.3666,84.7154,635,rock,9,rc,35,raft,1
22.1168,84.7355,532,rock,8,rc,49,pile,2
22.1164,84.9091,405,alluvium,6,rc,22,raft,2
22.103,84.9206,191,alluvium,2,steel,2,shallow,3
22.3169,84.8269,314,alluvium,12,steel,14,raft,0
22.1066,84.9007,505,alluvium,3,steel,24,shallow,2
22.1407,84.7364,408,sand,8,steel,24,shallow,1
22.1597,84.95,642,sand,11,steel,22,pile,0
22.1468,84.7609,223,alluvium,12,rc,43,pile,3
22.1218,84.8758,586,rock,5,rc,34,raft,2
22.2565,84.7657,295,alluvium,10,rc,28,shallow,2
22.2451,84.7789,399,clay,8,brick,8,raft,3
22.249,84.7308,635,rock,4,steel,27,pile,0
22.3795,84.7262,533,clay,8,rc,39,raft,3
22.2697,84.7038,472,sand,2,brick,7,raft,2
22.3122,84.7476,369,clay,7,brick,28,shallow,4
22.1142,84.7441,311,alluvium,10,steel,18,raft,0
22.2065,84.8258,409,rock,12,steel,5,raft,0
22.2662,84.7436,429,alluvium,4,rc,19,shallow,3
22.2933,84.8627,502,sand,7,brick,7,pile,2
22.2997,84.7539,469,clay,10,brick,19,shallow,3
22.3222,84.8892,389,clay,9,steel,48,pile,1
22.1563,84.7026,257,clay,12,brick,25,shallow,3
22.2391,84.7435,515,alluvium,11,steel,40,pile,1
22.1347,84.7972,326,alluvium,12,rc,21,raft,1
22.3019,84.9477,419,alluvium,10,rc,19,shallow,2
22.3555,84.7392,284,clay,2,steel,11,raft,1
22.3709,84.7127,441,rock,11,rc,40,pile,1
22.3699,84.9352,437,clay,9,steel,47,raft,1
22.1197,84.8374,405,clay,12,brick,8,pile,2
22.1767,84.7911,290,alluvium,6,brick,44,pile,4
22.2624,84.901,334,rock,1,rc,43,pile,2
22.2152,84.8111,467,sand,5,steel,17,raft,0
22.2296,84.9416,277,clay,9,steel,23,raft,0
22.2168,84.9379,616,sand,6,rc,20,pile,1
22.3095,84.7734,369,clay,7,brick,46,pile,4
22.3174,84.7779,318,clay,8,brick,39,raft,4
22.2456,84.8945,217,rock,8,rc,37,pile,3
22.2129,84.7918,531,clay,12,steel,17,raft,0
22.3666,84.821,553,sand,9,rc,33,pile,1
22.38,84.8809,584,rock,10,rc,21,pile,0
22.1253,84.8713,294,rock,9,steel,13,shallow,0
22.2637,84.7899,481,clay,8,steel,10,raft,1
22.3006,84.7789,574,alluvium,12,rc,10,shallow,2
22.1158,84.7094,190,clay,6,rc,36,raft,4
22.2526,84.7608,491,alluvium,8,steel,1,shallow,2
22.157,84.8152,465,alluvium,12,steel,35,raft,1
22.2936,84.8627,414,alluvium,7,steel,4,raft,1
22.3476,84.9171,510,rock,8,steel,33,shallow,2
22.1805,84.9498,282,alluvium,12,steel,7,pile,0
22.1113,84.8423,541,rock,10,steel,40,shallow,1
22.3865,84.9299,512,sand,7,rc,36,shallow,3
22.3545,84.9265,309,sand,2,brick,28,pile,2
22.3402,84.858,411,alluvium,1,rc,20,pile,2
22.3748,84.8539,202,alluvium,8,steel,32,shallow,4
22.3737,84.7523,512,clay,7,steel,21,shallow,2
22.2744,84.9369,557,rock,11,brick,5,shallow,2
22.1521,84.8725,550,clay,3,steel,47,raft,2
22.2379,84.8571,246,rock,7,rc,37,shallow,4
22.35,84.8067,571,clay,1,rc,27,shallow,3
22.2901,84.7351,383,alluvium,11,rc,48,pile,2
22.2331,84.9297,560,clay,1,brick,29,raft,3
22.2749,84.9401,387,clay,3,steel,8,pile,1
22.1944,84.828,284,rock,4,rc,26,pile,1
22.1625,84.7513,580,alluvium,9,brick,39,raft,3
22.2274,84.7964,524,sand,7,brick,18,raft,2
22.3392,84.7674,415,sand,11,steel,35,pile,0
22.2009,84.8467,428,clay,5,rc,18,raft,2
22.2162,84.8961,561,rock,10,rc,22,raft,0
22.3204,84.763,300,alluvium,12,steel,28,pile,0
22.2854,84.8665,458,rock,9,brick,29,raft,1
22.2589,84.7672,371,rock,8,rc,20,pile,1
22.1097,84.8488,357,rock,2,rc,11,raft,1
22.2867,84.8077,302,alluvium,6,steel,44,shallow,3
22.3523,84.9492,292,rock,6,brick,23,shallow,3
22.372,84.7478,368,alluvium,3,steel,38,raft,2
22.3056,84.9455,307,sand,12,brick,30,shallow,2
22.3846,84.767,519,clay,2,brick,45,pile,4
22.2614,84.7176,494,alluvium,1,steel,36,shallow,3
22.3179,84.7549,446,rock,6,rc,6,raft,1
22.3907,84.8785,469,alluvium,4,rc,37,raft,3
22.2866,84.835,383,rock,5,rc,40,shallow,3
22.2777,84.8206,499,clay,3,steel,47,pile,2
22.1585,84.8228,581,alluvium,4,brick,48,shallow,4
22.351,84.7409,548,clay,12,steel,45,raft,1
22.1897,84.8027,308,clay,1,brick,36,raft,4
22.2331,84.9228,490,alluvium,9,steel,7,shallow,1
22.1665,84.8951,273,alluvium,7,brick,33,pile,4
22.395,84.9103,508,clay,12,steel,35,pile,1
22.3423,84.8929,620,alluvium,7,steel,19,raft,1
22.305,84.7131,259,sand,1,brick,12,shallow,3
22.1091,84.7227,307,rock,2,steel,39,pile,1
22.3942,84.7389,538,rock,4,brick,11,shallow,3
22.2415,84.9399,602,rock,5,steel,17,shallow,1
22.3189,84.8839,634,clay,6,steel,8,raft,1
22.3525,84.8387,382,sand,8,brick,6,raft,2
22.1027,84.7189,282,sand,3,rc,6,raft,1
22.2499,84.7153,373,alluvium,3,brick,4,pile,3
22.1565,84.9012,344,rock,12,brick,30,shallow,2
22.2484,84.7215,306,alluvium,1,brick,6,raft,3
22.1433,84.8105,628,rock,5,brick,20,raft,2
22.1884,84.7647,385,alluvium,11,brick,17,pile,2
22.1159,84.8887,589,alluvium,5,steel,17,raft,1
22.1971,84.746,521,alluvium,5,brick,4,pile,3
22.2069,84.8743,384,clay,6,steel,37,raft,2
22.2023,84.8869,346,alluvium,4,steel,33,raft,2
22.1236,84.9203,328,rock,8,steel,20,pile,0
22.2129,84.9314,566,sand,9,brick,19,raft,1
22.3826,84.8849,303,rock,10,brick,18,pile,1
22.2313,84.7849,320,rock,1,rc,5,raft,1
22.1573,84.8976,563,alluvium,8,rc,3,shallow,3
22.2152,84.9136,273,sand,3,rc,48,shallow,3
22.3727,84.7073,351,alluvium,11,rc,17,raft,1
22.2339,84.8377,522,rock,4,rc,11,shallow,2
22.256,84.8187,509,alluvium,11,steel,6,raft,0
22.3699,84.8955,554,alluvium,7,steel,27,raft,1
22.3292,84.762,313,alluvium,1,steel,6,shallow,2
22.2591,84.8657,332,rock,10,steel,8,shallow,0
22.3176,84.7283,432,sand,6,rc,35,pile,2
22.2622,84.9046,215,alluvium,10,brick,12,pile,3
22.1213,84.7864,218,sand,7,rc,11,raft,2
22.3453,84.8373,320,rock,2,steel,41,pile,1
22.2918,84.7845,307,sand,7,steel,41,pile,1
22.2221,84.8694,450,clay,3,rc,43,raft,3
22.2484,84.9237,498,rock,11,brick,15,pile,1
22.1789,84.8811,601,rock,9,rc,7,pile,0
22.1594,84.8095,284,sand,8,steel,2,pile,0
22.1718,84.8045,333,clay,7,steel,38,shallow,3
22.1197,84.8824,244,clay,2,rc,1,raft,3
22.3425,84.797,240,clay,7,brick,21,shallow,4
22.327,84.783,457,rock,4,rc,18,raft,1
22.3378,84.7698,459,alluvium,4,brick,5,pile,3
22.1125,84.9077,490,alluvium,8,brick,13,shallow,4
22.176,84.8388,515,rock,6,steel,46,pile,1
22.3627,84.8881,342,alluvium,11,brick,29,pile,2
22.3082,84.704,474,clay,10,rc,28,shallow,2
22.3045,84.7519,317,alluvium,11,steel,42,pile,1
22.1653,84.8693,529,rock,10,steel,32,raft,0
22.3159,84.7897,432,sand,10,steel,42,raft,0
22.1884,84.8428,410,alluvium,7,brick,27,raft,3
22.1908,84.8148,228,rock,1,rc,9,shallow,3
22.1801,84.7611,559,clay,8,steel,45,raft,2
22.1296,84.758,329,sand,2,brick,12,shallow,3
22.1391,84.7031,313,clay,3,steel,48,shallow,3
22.2313,84.7577,632,alluvium,1,rc,37,shallow,4
22.3667,84.8864,304,alluvium,1,brick,26,shallow,4
22.336,84.7043,560,sand,1,rc,2,pile,1
22.3422,84.8149,261,rock,11,rc,10,raft,0
22.2034,84.7402,311,clay,9,steel,13,shallow,1
22.1011,84.7595,373,alluvium,1,brick,19,raft,3
22.337,84.8598,304,sand,10,steel,1,raft,0
22.3647,84.8085,290,sand,3,rc,5,pile,1
22.1862,84.8395,220,clay,7,steel,7,shallow,3
22.1523,84.9407,284,rock,6,rc,34,raft,2
22.3998,84.7717,484,alluvium,1,rc,6,shallow,3
22.1194,84.9431,241,rock,10,steel,14,shallow,1
22.256,84.8527,187,alluvium,10,steel,36,pile,2
22.1339,84.9175,625,sand,6,brick,12,raft,2
22.2289,84.7718,605,sand,5,steel,29,raft,0
22.1938,84.847,346,sand,2,steel,1,pile,0
22.2446,84.8258,567,rock,12,steel,20,pile,0
22.3624,84.9347,559,clay,1,rc,34,pile,3
22.2231,84.7832,519,rock,1,steel,13,shallow,1
22.1951,84.8168,420,rock,12,brick,31,pile,2
22.3995,84.747,324,alluvium,1,rc,34,raft,3
22.1171,84.7276,477,clay,3,steel,31,raft,2
22.3454,84.9395,187,clay,5,rc,13,pile,3
22.1949,84.8935,209,sand,1,steel,11,raft,1
22.3387,84.8193,472,alluvium,1,steel,4,pile,1
22.2606,84.9339,566,clay,9,rc,22,shallow,2
22.2447,84.8301,222,rock,10,steel,30,raft,0
22.3243,84.7585,529,sand,2,brick,32,raft,3
22.1641,84.869,424,clay,8,rc,48,pile,3
22.3559,84.7969,607,sand,8,brick,10,raft,2
22.3712,84.7391,345,sand,11,brick,11,raft,1
22.1478,84.942,456,clay,2,rc,10,raft,2
22.3236,84.8286,545,clay,3,brick,31,raft,4
22.2249,84.8122,624,clay,6,rc,14,shallow,3
22.3565,84.808,538,clay,1,brick,19,shallow,4
22.3344,84.7049,498,sand,11,brick,16,shallow,2
22.1826,84.9274,307,alluvium,7,brick,26,raft,3
22.1678,84.9182,338,rock,10,steel,42,shallow,1
22.2597,84.7758,192,alluvium,9,rc,2,pile,2
22.1919,84.7381,256,sand,3,rc,41,raft,2
22.1249,84.855,361,sand,2,rc,8,shallow,2
22.1855,84.8196,409,sand,6,rc,40,shallow,3
22.3113,84.7074,372,clay,9,brick,10,raft,2
22.1965,84.8164,317,rock,11,rc,14,raft,0
22.1621,84.7896,643,alluvium,3,steel,2,pile,1
22.2978,84.8277,464,rock,2,steel,20,shallow,1
22.2151,84.8229,489,rock,10,brick,40,raft,2
22.1011,84.78,593,rock,9,rc,19,raft,0
22.3577,84.8572,182,alluvium,3,brick,44,raft,4
22.1157,84.7577,580,clay,3,rc,9,raft,2
22.2449,84.804,344,alluvium,11,rc,20,pile,1
22.1646,84.773,382,sand,4,brick,8,raft,2
22.3017,84.8328,537,sand,12,brick,48,pile,2
22.1145,84.7526,519,rock,12,steel,4,pile,0
22.2648,84.864,183,sand,12,brick,9,pile,2
22.3094,84.8595,281,rock,10,brick,13,pile,1
22.2535,84.7397,267,sand,3,rc,49,pile,2
22.2426,84.7793,424,sand,2,rc,10,shallow,2
22.3272,84.7764,380,clay,1,steel,14,raft,1
22.3019,84.7117,531,clay,1,brick,17,raft,3
22.3647,84.7368,625,sand,11,brick,47,raft,2
22.106,84.8882,403,rock,11,rc,8,shallow,1
22.1279,84.817,263,clay,11,steel,49,shallow,2
22.3108,84.939,486,rock,6,brick,33,shallow,4
22.3907,84.9333,517,rock,12,rc,23,shallow,1
22.3528,84.7905,497,sand,7,rc,15,pile,1
22.1597,84.8504,409,sand,8,steel,44,raft,1
22.2308,84.8872,231,alluvium,6,rc,24,shallow,4
22.1116,84.7485,199,clay,1,brick,8,shallow,4
22.2058,84.7814,492,sand,7,rc,5,raft,1
22.2288,84.8177,451,alluvium,6,rc,48,raft,3
22.3564,84.9006,372,sand,6,rc,3,pile,1
22.125,84.9321,389,sand,9,steel,18,raft,0
22.3735,84.7864,290,sand,1,rc,27,shallow,2
22.2984,84.798,312,rock,7,brick,19,pile,2
22.2052,84.7942,290,clay,5,steel,12,raft,1
22.3028,84.7622,508,clay,10,rc,41,pile,2
22.1839,84.7479,458,sand,11,steel,21,raft,0
22.1109,84.9256,590,rock,3,steel,17,pile,0
22.2652,84.9042,370,alluvium,3,rc,9,raft,2
22.3101,84.8005,386,sand,11,rc,44,raft,1
22.3953,84.7959,599,clay,3,brick,41,raft,4
22.1853,84.8464,544,sand,12,rc,11,raft,0
22.3508,84.7662,408,rock,4,brick,25,shallow,3
22.3352,84.7987,499,clay,9,rc,25,shallow,2
22.3065,84.8963,193,sand,1,rc,17,raft,2
22.2461,84.9196,568,sand,9,steel,35,pile,0
22.2403,84.7682,273,rock,2,rc,16,pile,1
22.3408,84.7617,436,sand,10,steel,25,raft,0
22.383,84.8301,351,rock,8,rc,47,shallow,3
22.2803,84.7086,597,clay,2,brick,27,shallow,4
22.3773,84.8304,507,clay,12,steel,23,pile,0
22.287,84.7186,541,alluvium,1,brick,4,shallow,4
22.2722,84.8594,548,rock,10,brick,17,shallow,2
22.1027,84.7645,551,alluvium,12,rc,2,raft,1
22.2944,84.7046,267,alluvium,11,brick,22,pile,2
22.193,84.7214,623,alluvium,9,brick,28,pile,2
22.2357,84.7108,317,clay,5,brick,29,raft,3
22.1131,84.7592,420,rock,6,rc,40,shallow,3
22.1965,84.9496,554,clay,10,steel,20,pile,0
22.1938,84.8215,284,rock,10,steel,10,shallow,0
22.3644,84.804,337,clay,5,steel,3,shallow,2
22.2224,84.7478,487,alluvium,5,brick,12,raft,3
22.3413,84.7165,541,sand,12,rc,23,pile,0
22.3722,84.7306,479,rock,6,steel,24,pile,0
22.2752,84.7206,340,rock,6,brick,49,raft,3
22.2436,84.7431,645,clay,7,steel,26,raft,1
22.2662,84.8318,586,rock,6,steel,42,raft,1
22.3753,84.7494,466,rock,7,steel,9,raft,0
22.1379,84.9364,456,sand,4,rc,34,pile,2
22.3801,84.88,555,clay,6,brick,45,pile,4
22.1231,84.7765,262,sand,1,rc,28,pile,1
22.3887,84.9226,371,sand,3,brick,43,pile,3
22.1955,84.8827,252,alluvium,5,brick,20,raft,3
22.319,84.8027,271,clay,7,rc,9,pile,2
22.2833,84.856,366,rock,6,steel,14,shallow,1
22.1787,84.7604,192,rock,11,rc,12,pile,1
22.2039,84.9019,301,alluvium,3,rc,24,pile,2
22.2428,84.9479,555,clay,2,brick,44,raft,4
22.2193,84.7812,247,sand,12,brick,45,pile,3
22.334,84.8928,509,rock,9,rc,31,shallow,2
22.2414,84.7439,268,clay,1,steel,6,raft,1
22.2815,84.84,268,rock,2,rc,1,shallow,2
22.1529,84.9032,375,sand,9,brick,37,pile,2
22.3298,84.9331,293,clay,3,steel,47,raft,2
22.1407,84.8296,513,sand,1,rc,41,raft,2
22.188,84.8227,402,sand,7,rc,19,shallow,2
22.2149,84.8987,202,alluvium,8,brick,6,shallow,4
22.1442,84.8529,382,sand,5,brick,17,raft,2
22.3813,84.9281,428,rock,11,steel,45,pile,0
22.3904,84.7638,400,sand,9,steel,42,raft,0
22.133,84.9369,453,rock,11,brick,16,pile,1
22.1219,84.8912,189,alluvium,9,brick,31,shallow,4
22.2104,84.7357,553,alluvium,7,brick,14,shallow,4
22.2986,84.8085,203,sand,7,rc,36,shallow,4
22.2596,84.7711,401,rock,11,steel,39,shallow,1
22.3588,84.7407,555,clay,4,brick,29,shallow,4
22.2321,84.9083,545,alluvium,6,rc,11,shallow,3
22.1962,84.8381,343,sand,8,rc,47,pile,2
22.3949,84.9312,444,rock,11,rc,11,pile,0
22.1571,84.8675,384,alluvium,6,rc,31,shallow,4
22.1238,84.7479,549,clay,4,brick,14,pile,3
22.2337,84.9239,621,rock,4,brick,32,raft,3
22.2925,84.7059,227,rock,10,brick,17,shallow,3
22.1904,84.7236,436,sand,1,rc,47,shallow,3
22.2977,84.7126,640,alluvium,11,steel,28,shallow,1
22.2868,84.752,337,rock,9,rc,49,shallow,2
22.3783,84.9375,235,alluvium,1,brick,12,pile,4
22.3167,84.7195,268,alluvium,1,steel,25,raft,1
22.2928,84.8469,310,clay,1,rc,19,pile,2
22.2462,84.791,181,sand,9,rc,17,shallow,2
22.2291,84.7687,452,alluvium,1,steel,12,raft,1
22.1216,84.7642,222,alluvium,9,rc,4,pile,2
22.2207,84.7379,349,sand,1,brick,16,pile,2
22.1792,84.7013,459,alluvium,6,steel,16,shallow,2
22.2965,84.8107,267,alluvium,9,brick,22,raft,2
22.1698,84.8519,240,rock,3,rc,27,shallow,3
22.3228,84.8654,210,clay,11,rc,12,raft,2
22.272,84.7538,416,alluvium,3,rc,46,shallow,4
22.3978,84.8959,439,alluvium,11,brick,25,raft,2
22.2601,84.936,471,rock,6,steel,17,raft,0
22.2538,84.7669,540,clay,6,rc,22,shallow,3
22.3027,84.8943,462,clay,5,brick,46,pile,4
22.1127,84.8241,515,alluvium,5,steel,26,raft,1
22.1228,84.8697,260,sand,10,steel,22,shallow,0
22.3118,84.7585,335,alluvium,1,rc,44,raft,3
22.2622,84.9124,580,clay,8,steel,38,raft,2
22.1462,84.9139,638,alluvium,11,brick,2,pile,2
22.2557,84.7745,305,clay,10,rc,13,raft,1
22.1363,84.7197,374,sand,4,rc,13,raft,1
22.2766,84.7223,233,clay,8,brick,22,raft,4
22.3961,84.8403,357,rock,2,rc,11,raft,1
22.1849,84.9237,190,clay,1,rc,7,shallow,4
22.295,84.7062,305,rock,12,steel,43,pile,0
22.3438,84.7321,313,sand,11,steel,49,raft,0
22.1904,84.8565,447,rock,7,brick,5,raft,2
22.2755,84.8283,438,clay,10,steel,24,pile,0
22.1527,84.8493,269,sand,4,steel,45,pile,1
22.1762,84.9063,200,sand,4,steel,18,raft,1
22.3592,84.7747,292,clay,12,brick,32,raft,3
22.3142,84.7491,504,clay,4,rc,28,pile,2
22.2247,84.8173,439,sand,1,steel,44,pile,1
22.1929,84.8659,363,rock,7,brick,18,raft,2
22.1648,84.7459,365,rock,11,steel,44,shallow,1
22.3529,84.8301,646,alluvium,9,steel,33,pile,1
22.1106,84.928,525,clay,4,rc,49,raft,3
22.1403,84.8612,585,alluvium,3,steel,23,raft,1
22.2672,84.764,456,rock,5,brick,43,raft,3
22.1585,84.9232,301,rock,3,steel,38,shallow,2
22.2812,84.9178,426,sand,12,rc,3,pile,0
22.2214,84.7563,326,sand,1,brick,22,shallow,3
22.2102,84.9285,321,alluvium,12,brick,16,shallow,3
22.2672,84.9171,575,clay,7,brick,38,shallow,4
22.3095,84.7729,504,alluvium,6,rc,31,shallow,4
22.3612,84.8282,225,alluvium,1,brick,13,raft,4
22.3562,84.735,220,rock,3,steel,34,pile,2
22.3176,84.7203,288,sand,1,brick,34,pile,3
22.2263,84.9404,246,clay,12,steel,7,raft,1
22.1328,84.7993,368,alluvium,7,brick,30,shallow,4
22.1815,84.7532,488,rock,7,brick,33,pile,3
22.3551,84.7532,635,alluvium,4,rc,4,raft,2
22.3499,84.7313,376,rock,6,rc,34,raft,2
22.1676,84.8704,218,alluvium,6,steel,26,pile,2
22.2684,84.7465,195,alluvium,5,steel,45,shallow,4
22.1068,84.7282,266,sand,2,brick,31,shallow,4
22.1856,84.7598,413,alluvium,9,brick,3,raft,2
22.1974,84.8803,285,clay,3,steel,16,pile,1
22.3186,84.7887,566,clay,2,brick,33,raft,4
22.1822,84.9115,565,clay,7,steel,48,raft,2
22.1254,84.7298,482,clay,6,steel,11,raft,1
22.2368,84.8231,264,rock,7,steel,20,shallow,1
22.348,84.9077,460,sand,9,steel,33,pile,0
22.1184,84.8477,412,rock,10,brick,29,shallow,2
22.114,84.8949,375,clay,4,steel,3,pile,1
22.1316,84.8432,619,sand,4,steel,8,shallow,1
22.2592,84.7638,300,rock,1,rc,27,pile,1
22.2524,84.8321,289,sand,3,rc,37,pile,2
22.134,84.8802,618,rock,12,steel,11,pile,0
22.376,84.7138,345,clay,12,steel,22,raft,0
22.1282,84.9378,363,clay,1,rc,10,raft,2
22.1894,84.803,247,sand,11,rc,28,pile,1
22.3143,84.9292,615,rock,1,rc,48,shallow,3
22.2113,84.88,188,alluvium,9,rc,27,raft,2
22.2604,84.8688,187,alluvium,2,steel,33,shallow,4
22.1223,84.748,618,sand,5,brick,16,pile,2
22.3684,84.7294,518,clay,6,brick,8,pile,3
22.1035,84.9494,504,alluvium,7,steel,40,pile,2
22.1528,84.8966,274,clay,1,brick,47,shallow,4
22.1961,84.8676,451,rock,6,rc,41,shallow,3
22.1634,84.7783,498,clay,9,rc,32,pile,2
22.2192,84.7613,487,clay,12,brick,17,pile,2
22.3779,84.9404,448,sand,8,brick,5,raft,2
22.1277,84.8824,212,rock,9,steel,22,shallow,1
22.2952,84.9224,389,alluvium,2,steel,29,pile,1
22.3252,84.8222,196,rock,8,brick,34,pile,4
22.3659,84.9095,502,alluvium,7,steel,39,raft,2
22.198,84.8558,586,sand,11,brick,10,raft,1
22.235,84.7832,277,rock,7,brick,37,shallow,4
22.1494,84.8723,394,sand,6,rc,36,pile,2
22.2451,84.8714,555,rock,2,brick,22,shallow,3
22.2708,84.903,372,alluvium,1,steel,12,raft,1
22.3149,84.8673,304,rock,9,brick,7,pile,1
22.3179,84.9105,248,alluvium,1,rc,30,raft,3
22.2073,84.7694,387,clay,5,rc,2,raft,2
22.3507,84.8038,512,clay,8,brick,43,shallow,4
22.3959,84.8282,189,rock,1,rc,29,raft,2
22.1875,84.7667,310,alluvium,3,brick,7,pile,3
22.2739,84.8389,374,sand,7,rc,18,shallow,2
22.3242,84.7779,475,clay,1,rc,29,shallow,3
22.1217,84.9203,326,rock,3,steel,36,raft,1
22.2747,84.7317,414,alluvium,3,steel,45,pile,2
22.3069,84.786,263,sand,1,brick,5,pile,2
22.3252,84.8612,449,rock,8,steel,4,shallow,1
22.3387,84.7851,233,clay,4,rc,30,raft,3
22.2612,84.9102,232,clay,7,rc,46,pile,4
22.2342,84.7181,344,clay,7,steel,27,raft,1
22.3086,84.7355,368,clay,3,brick,19,shallow,4
